iteration_num,timestamp,step_1_generation_step_name,step_1_generation_duration_seconds,step_1_generation_num_samples,step_1_generation_strategy,step_2_prediction_step_name,step_2_prediction_duration_seconds,step_2_prediction_num_samples,step_2_prediction_best_predicted,step_2_prediction_worst_predicted,step_2_prediction_mean_predicted,step_2_prediction_std_predicted,step_2_prediction_metadata_inference_time_per_graph,step_3_selection_step_name,step_3_selection_num_graphs_selected,step_3_selection_good_graphs_set_size,step_3_selection_good_graphs_description_node_type_counts,step_4_evaluation_step_name,step_4_evaluation_duration_seconds,step_4_evaluation_num_graphs,step_4_evaluation_num_problems_available,step_4_evaluation_num_problems_per_graph,step_4_evaluation_num_evaluations,step_4_evaluation_best_evaluated,step_4_evaluation_worst_evaluated,step_4_evaluation_mean_evaluated,step_4_evaluation_std_evaluated,step_4_evaluation_rmse_gnn_vs_llm,step_4_evaluation_mae_gnn_vs_llm,step_4_evaluation_correlation_gnn_llm,step_4_evaluation_mean_absolute_error_per_graph,step_4_evaluation_mean_variance_across_graphs,step_4_evaluation_mean_std_across_graphs,step_4_evaluation_total_perfect_scores,step_4_evaluation_total_partial_scores,step_4_evaluation_total_failed_scores,step_4_evaluation_success_rate_perfect,step_4_evaluation_success_rate_any,step_4_evaluation_per_graph_metrics_count,step_4_evaluation_metadata_evaluation_time_per_graph,step_4_evaluation_metadata_evaluation_time_per_problem,step_4_evaluation_metadata_evaluation_method,step_4_evaluation_metadata_problem_categories,step_5_training_update_step_name,step_5_training_update_num_training_samples_added,step_5_training_update_total_training_dataset_size,step_6_retraining_step_name,step_6_retraining_training_samples,step_6_retraining_final_loss
0,2025-12-27T22:53:22.802268,generation,10.4123,638,random,prediction,0.0003,638,0.4985704905294801,0.0007512957226646,0.2527804524878009,0.1433706840610448,0.0,selection,10,5,"{'Validator': 0, 'True_pass': 0, 'False_pass': 0, 'Split': 2, 'Decompose_2': 1, 'Decompose_3': 1, 'Decompose_4': 0, 'Combine_all': 4, 'Combine_any': 0, 'Solver': 2, 'Python_solver': 8, 'Explain': 4, 'Extract_topic': 3, 'START': 5, 'END': 5}",llm_evaluation,243.5852,10,5,5,50,1.0,0.074060606060606,0.6449274529974915,0.3416018690048649,0.3727119394714357,0.3440948559224129,0.0055438072817141,0.3440948559224129,0.0571529476764071,0.1795230886049384,28,21,1,0.56,0.98,10,24.3585,4.8717,llm_multiagent_system,['unknown'],training_data_update,10,10,retraining,10,0.0063340999186038
1,2025-12-27T22:56:58.597335,generation,13.7399,628,random,prediction,0.0304,628,0.9994819760322572,0.0763982310891151,0.4521313562728227,0.3342789158636969,0.0,selection,10,10,"{'Validator': 0, 'True_pass': 0, 'False_pass': 0, 'Split': 2, 'Decompose_2': 5, 'Decompose_3': 2, 'Decompose_4': 0, 'Combine_all': 9, 'Combine_any': 0, 'Solver': 6, 'Python_solver': 19, 'Explain': 4, 'Extract_topic': 7, 'START': 10, 'END': 10}",llm_evaluation,200.8492,10,5,5,50,1.0,0.655,0.855378787878788,0.1173653469114601,0.1847657900096675,0.1438518592083092,0.3306937238854583,0.1438518592083092,0.085659678604224,0.2393440710407524,41,9,0,0.82,1.0,10,20.0849,4.017,llm_multiagent_system,['unknown'],training_data_update,10,20,retraining,20,0.0158867854624986
2,2025-12-27T23:01:05.851228,generation,11.0602,618,random,prediction,0.0338,618,0.9032724499702454,0.0313524529337883,0.4868643225915127,0.2821260133397721,0.0001,selection,10,15,"{'Validator': 0, 'True_pass': 0, 'False_pass': 0, 'Split': 2, 'Decompose_2': 10, 'Decompose_3': 1, 'Decompose_4': 1, 'Combine_all': 14, 'Combine_any': 0, 'Solver': 13, 'Python_solver': 24, 'Explain': 6, 'Extract_topic': 9, 'START': 15, 'END': 15}",llm_evaluation,233.9728,10,5,5,50,1.0,0.6330434782608696,0.9137922266139658,0.1307013940406617,0.1458018200101892,0.1148558101044027,-0.0499902745735614,0.1148558101044027,0.0343543945314017,0.11168221292738,43,7,0,0.86,1.0,10,23.3973,4.6795,llm_multiagent_system,['unknown'],training_data_update,10,30,retraining,30,0.0177690982818603
3,2025-12-27T23:06:46.314473,generation,11.1357,610,random,prediction,0.0344,610,0.9026126265525818,0.0190358236432075,0.4545926893404761,0.2708992353976183,0.0001,selection,10,15,"{'Validator': 0, 'True_pass': 0, 'False_pass': 0, 'Split': 0, 'Decompose_2': 13, 'Decompose_3': 0, 'Decompose_4': 2, 'Combine_all': 15, 'Combine_any': 0, 'Solver': 18, 'Python_solver': 23, 'Explain': 2, 'Extract_topic': 12, 'START': 15, 'END': 15}",llm_evaluation,326.8,10,5,5,50,1.0,0.70625,0.8764330808080809,0.1000688533956439,0.1039327027261354,0.0867817413975493,-0.5402960005992792,0.0867817413975493,0.056675122117641,0.1946273193707726,40,10,0,0.8,1.0,10,32.68,6.536,llm_multiagent_system,['unknown'],training_data_update,10,40,retraining,40,0.0140677861869335
4,2025-12-27T23:11:25.507046,generation,10.8271,601,random,prediction,0.0318,601,0.895885705947876,0.0133898500353097,0.4253260671686437,0.2805883090369201,0.0001,selection,10,15,"{'Validator': 0, 'True_pass': 0, 'False_pass': 0, 'Split': 0, 'Decompose_2': 10, 'Decompose_3': 3, 'Decompose_4': 2, 'Combine_all': 15, 'Combine_any': 0, 'Solver': 13, 'Python_solver': 30, 'Explain': 7, 'Extract_topic': 4, 'START': 15, 'END': 15}",llm_evaluation,266.0093,10,5,5,50,1.0,0.82,0.91,0.09,0.0936587996390666,0.0909962797164917,-0.3368747233209251,0.0909962797164917,0.0648,0.18,45,5,0,0.9,1.0,10,26.6009,5.3202,llm_multiagent_system,['unknown'],training_data_update,10,50,retraining,50,0.0116230954229831
5,2025-12-27T23:14:36.194851,generation,11.2508,597,random,prediction,0.028,597,0.8999034762382507,0.0061964043416082,0.4082399397391133,0.314918217570373,0.0,selection,10,15,"{'Validator': 0, 'True_pass': 0, 'False_pass': 0, 'Split': 1, 'Decompose_2': 6, 'Decompose_3': 3, 'Decompose_4': 5, 'Combine_all': 15, 'Combine_any': 0, 'Solver': 17, 'Python_solver': 29, 'Explain': 4, 'Extract_topic': 4, 'START': 15, 'END': 15}",llm_evaluation,176.7745,10,5,5,50,1.0,0.6866666666666668,0.8914027777777779,0.1385953905859306,0.1381424400568149,0.1310088607205284,0.1187949937299413,0.1310088607205284,0.0478706558641975,0.136988233430572,42,8,0,0.84,1.0,10,17.6775,3.5355,llm_multiagent_system,['unknown'],training_data_update,10,60,retraining,60,0.0132702429468433
6,2025-12-27T23:16:11.955227,generation,11.229,590,random,prediction,0.0203,590,0.9102911949157716,0.0048315762542188,0.5142329873832858,0.3258616415844808,0.0,selection,10,15,"{'Validator': 0, 'True_pass': 0, 'False_pass': 0, 'Split': 1, 'Decompose_2': 6, 'Decompose_3': 3, 'Decompose_4': 5, 'Combine_all': 15, 'Combine_any': 0, 'Solver': 17, 'Python_solver': 29, 'Explain': 4, 'Extract_topic': 4, 'START': 15, 'END': 15}",llm_evaluation,80.7938,10,5,5,50,1.0,0.66,0.8783111111111112,0.1121330426736885,0.1121256365238903,0.0991321369224124,0.4130400930474061,0.0991321369224124,0.0695813530864197,0.2011983443832857,42,8,0,0.84,1.0,10,8.0794,1.6159,llm_multiagent_system,['unknown'],training_data_update,10,70,retraining,70,0.0131966636649199
7,2025-12-27T23:18:15.172363,generation,12.3558,580,random,prediction,0.0328,580,0.9270171523094176,0.0048937769606709,0.4326245276209224,0.3106139857328592,0.0001,selection,10,15,"{'Validator': 0, 'True_pass': 0, 'False_pass': 0, 'Split': 1, 'Decompose_2': 9, 'Decompose_3': 3, 'Decompose_4': 1, 'Combine_all': 14, 'Combine_any': 0, 'Solver': 10, 'Python_solver': 28, 'Explain': 7, 'Extract_topic': 7, 'START': 15, 'END': 15}",llm_evaluation,106.9376,10,5,5,50,1.0,0.527090909090909,0.7704390326340327,0.1318144369297999,0.1842261831860685,0.1495030304591527,0.4952668384585424,0.1495030304591527,0.096756267340109,0.2890493277540416,33,16,1,0.66,0.98,10,10.6938,2.1388,llm_multiagent_system,['unknown'],training_data_update,10,80,retraining,80,0.0121282745152711
8,2025-12-27T23:20:03.525703,generation,12.1111,570,random,prediction,0.0281,570,0.8861085772514343,0.0255673937499523,0.3859046131209062,0.2756308886773618,0.0,selection,10,15,"{'Validator': 0, 'True_pass': 0, 'False_pass': 0, 'Split': 1, 'Decompose_2': 13, 'Decompose_3': 1, 'Decompose_4': 0, 'Combine_all': 15, 'Combine_any': 0, 'Solver': 6, 'Python_solver': 29, 'Explain': 11, 'Extract_topic': 10, 'START': 15, 'END': 15}",llm_evaluation,92.1302,10,5,5,50,1.0,0.6900000000000001,0.8674,0.1172554476346408,0.1191444982990015,0.1098615075111389,-0.1925300898813046,0.1098615075111389,0.0810464,0.2204197172471634,42,8,0,0.84,1.0,10,9.213,1.8426,llm_multiagent_system,['unknown'],training_data_update,10,90,retraining,90,0.0114661527797579
9,2025-12-27T23:25:30.683826,generation,12.3473,562,random,prediction,0.0281,562,0.9030234217643738,0.0129234157502651,0.4003378321363647,0.2991720101959119,0.0,selection,10,15,"{'Validator': 0, 'True_pass': 0, 'False_pass': 0, 'Split': 1, 'Decompose_2': 13, 'Decompose_3': 1, 'Decompose_4': 0, 'Combine_all': 15, 'Combine_any': 0, 'Solver': 11, 'Python_solver': 27, 'Explain': 10, 'Extract_topic': 8, 'START': 15, 'END': 15}",llm_evaluation,310.2662,10,5,5,50,1.0,0.6977777777777778,0.8299694444444444,0.094381167078364,0.1163554593609236,0.1087097857687208,0.4822674247902732,0.1087097857687208,0.1044177780864197,0.2884991555141558,39,10,1,0.78,0.98,10,31.0266,6.2053,llm_multiagent_system,['unknown'],training_data_update,10,100,retraining,100,0.0129502034187316
10,2025-12-27T23:28:42.318406,generation,11.7885,552,random,prediction,0.0182,552,0.8764854073524475,0.0056907995603978,0.3331818382164625,0.2838345921817367,0.0,selection,10,15,"{'Validator': 0, 'True_pass': 0, 'False_pass': 0, 'Split': 2, 'Decompose_2': 13, 'Decompose_3': 0, 'Decompose_4': 0, 'Combine_all': 15, 'Combine_any': 0, 'Solver': 10, 'Python_solver': 26, 'Explain': 12, 'Extract_topic': 6, 'START': 15, 'END': 15}",llm_evaluation,174.223,10,5,5,50,1.0,0.8093333333333333,0.9089333333333331,0.0911166285592262,0.0928045036509423,0.0898155234495799,0.1781073436619829,0.0898155234495799,0.0663815111111111,0.1821333333333333,45,5,0,0.9,1.0,10,17.4223,3.4845,llm_multiagent_system,['unknown'],training_data_update,10,110,retraining,110,0.0127469772472977
11,2025-12-27T23:31:40.380335,generation,12.7756,547,random,prediction,0.0268,547,0.8656756281852722,0.0169806368649005,0.3667725796114919,0.2884543357380768,0.0,selection,10,15,"{'Validator': 0, 'True_pass': 0, 'False_pass': 0, 'Split': 1, 'Decompose_2': 9, 'Decompose_3': 5, 'Decompose_4': 0, 'Combine_all': 15, 'Combine_any': 0, 'Solver': 4, 'Python_solver': 21, 'Explain': 13, 'Extract_topic': 16, 'START': 15, 'END': 15}",llm_evaluation,159.8786,10,5,5,50,1.0,0.136060606060606,0.7612727272727273,0.2250964409169959,0.2535171755360367,0.1436588632915959,-0.3260315114775742,0.1436588632915959,0.0899980899908172,0.2736554679984426,35,14,1,0.7,0.98,10,15.9879,3.1976,llm_multiagent_system,['unknown'],training_data_update,10,120,retraining,120,0.01304710333546
12,2025-12-27T23:36:28.720110,generation,14.578,544,random,prediction,0.0287,544,0.834398090839386,0.109745405614376,0.4242865612100371,0.240475160459121,0.0001,selection,10,15,"{'Validator': 0, 'True_pass': 0, 'False_pass': 0, 'Split': 0, 'Decompose_2': 5, 'Decompose_3': 5, 'Decompose_4': 5, 'Combine_all': 15, 'Combine_any': 0, 'Solver': 5, 'Python_solver': 28, 'Explain': 13, 'Extract_topic': 9, 'START': 15, 'END': 15}",llm_evaluation,267.6556,10,5,5,50,1.0,0.2846666666666667,0.8309111111111112,0.1983683181095953,0.2012077670523843,0.1261026642905341,-0.5066836754279775,0.1261026642905341,0.073968612345679,0.2213506910535483,39,10,1,0.78,0.98,10,26.7656,5.3531,llm_multiagent_system,['unknown'],training_data_update,10,130,retraining,130,0.013506804093189
13,2025-12-27T23:39:56.795758,generation,11.6664,535,random,prediction,0.0183,535,0.8626620173454285,0.1232809200882911,0.4640376542216149,0.2445281832780406,0.0,selection,10,15,"{'Validator': 0, 'True_pass': 0, 'False_pass': 0, 'Split': 0, 'Decompose_2': 7, 'Decompose_3': 3, 'Decompose_4': 5, 'Combine_all': 15, 'Combine_any': 0, 'Solver': 3, 'Python_solver': 25, 'Explain': 12, 'Extract_topic': 17, 'START': 15, 'END': 15}",llm_evaluation,190.8906,10,5,5,50,1.0,0.704,0.9342666666666666,0.1047325482677981,0.1342845184510701,0.1271698553403218,-0.3119144689488567,0.1271698553403218,0.0402791111111111,0.1099049450544994,46,4,0,0.92,1.0,10,19.0891,3.8178,llm_multiagent_system,['unknown'],training_data_update,10,140,retraining,140,0.0132312430867127
14,2025-12-27T23:42:40.228638,generation,12.4243,528,random,prediction,0.0214,528,0.8536825180053711,0.1112333834171295,0.4871123027564449,0.2498650259188712,0.0,selection,10,15,"{'Validator': 0, 'True_pass': 0, 'False_pass': 0, 'Split': 0, 'Decompose_2': 11, 'Decompose_3': 3, 'Decompose_4': 1, 'Combine_all': 15, 'Combine_any': 0, 'Solver': 9, 'Python_solver': 21, 'Explain': 16, 'Extract_topic': 11, 'START': 15, 'END': 15}",llm_evaluation,145.211,10,5,5,50,1.0,0.6386666666666667,0.8706545454545453,0.1077989960274967,0.1141411358743966,0.089216545268261,-0.3054791739542197,0.089216545268261,0.080763480624426,0.230678859258095,42,8,0,0.84,1.0,10,14.5211,2.9042,llm_multiagent_system,['unknown'],training_data_update,10,150,retraining,150,0.0118166314065456
15,2025-12-27T23:46:00.379929,generation,12.2088,522,random,prediction,0.0211,522,0.8548521995544434,0.046531468629837,0.4901281933218127,0.2840437574978751,0.0,selection,10,15,"{'Validator': 0, 'True_pass': 0, 'False_pass': 0, 'Split': 0, 'Decompose_2': 8, 'Decompose_3': 1, 'Decompose_4': 6, 'Combine_all': 15, 'Combine_any': 0, 'Solver': 11, 'Python_solver': 24, 'Explain': 11, 'Extract_topic': 13, 'START': 15, 'END': 15}",llm_evaluation,180.9189,10,5,5,50,1.0,0.7506666666666667,0.8490666666666666,0.0782038362230396,0.0777511046530839,0.0617894968350728,0.372080703729347,0.0617894968350728,0.1031068444444444,0.2871949491325736,41,9,0,0.82,1.0,10,18.0919,3.6184,llm_multiagent_system,['unknown'],training_data_update,10,160,retraining,160,0.01110087223351
16,2025-12-28T00:03:26.382281,generation,11.7178,512,random,prediction,0.0164,512,0.8788317441940308,0.0632870495319366,0.5305647860805038,0.2772773686839493,0.0,selection,10,15,"{'Validator': 0, 'True_pass': 0, 'False_pass': 0, 'Split': 0, 'Decompose_2': 4, 'Decompose_3': 5, 'Decompose_4': 6, 'Combine_all': 15, 'Combine_any': 0, 'Solver': 7, 'Python_solver': 23, 'Explain': 11, 'Extract_topic': 14, 'START': 15, 'END': 15}",llm_evaluation,1026.8939,10,5,5,50,1.0,0.6533333333333333,0.842,0.1080774643115345,0.1119600836127624,0.0922708459622932,0.0948839242531465,0.0922708459622932,0.0837880440771349,0.2509152489741827,39,11,0,0.78,1.0,10,102.6894,20.5379,llm_multiagent_system,['unknown'],training_data_update,10,170,retraining,170,0.0119353525669259
17,2025-12-28T00:12:35.746848,generation,12.1057,502,random,prediction,0.0193,502,0.8990955948829651,0.0333894304931163,0.5006569811176375,0.2885376384801011,0.0,selection,10,15,"{'Validator': 0, 'True_pass': 0, 'False_pass': 0, 'Split': 0, 'Decompose_2': 4, 'Decompose_3': 5, 'Decompose_4': 5, 'Combine_all': 14, 'Combine_any': 0, 'Solver': 10, 'Python_solver': 20, 'Explain': 11, 'Extract_topic': 15, 'START': 15, 'END': 15}",llm_evaluation,530.0313,10,5,5,50,1.0,0.8,0.9009333333333334,0.0855934576939149,0.0891961115484686,0.0826466419378916,0.0386650497813959,0.0826466419378916,0.0685617777777777,0.1981333333333333,44,5,1,0.88,0.98,10,53.0031,10.6006,llm_multiagent_system,['unknown'],training_data_update,10,180,retraining,180,0.0110995341506269
18,2025-12-28T00:17:53.104939,generation,13.4297,492,random,prediction,0.0214,492,0.8898035883903503,0.0068430001847445,0.5388748057610621,0.3151418059468828,0.0,selection,10,15,"{'Validator': 0, 'True_pass': 0, 'False_pass': 0, 'Split': 0, 'Decompose_2': 9, 'Decompose_3': 5, 'Decompose_4': 0, 'Combine_all': 14, 'Combine_any': 0, 'Solver': 8, 'Python_solver': 13, 'Explain': 18, 'Extract_topic': 17, 'START': 15, 'END': 15}",llm_evaluation,295.4545,10,5,5,50,1.0,0.54125,0.7679817812269032,0.1169435500024068,0.1595430525196705,0.1334187193090617,-0.0987472836895676,0.1334187193090617,0.0966964597539125,0.2891642277679571,32,17,1,0.64,0.98,10,29.5455,5.9091,llm_multiagent_system,['unknown'],training_data_update,10,190,retraining,190,0.0110913356570036
19,2025-12-28T00:20:39.330119,generation,12.159,482,random,prediction,0.03,482,0.8583048582077026,0.0332471095025539,0.4555104270160074,0.3038455164845392,0.0001,selection,10,15,"{'Validator': 0, 'True_pass': 0, 'False_pass': 0, 'Split': 0, 'Decompose_2': 11, 'Decompose_3': 1, 'Decompose_4': 2, 'Combine_all': 14, 'Combine_any': 0, 'Solver': 8, 'Python_solver': 17, 'Explain': 20, 'Extract_topic': 15, 'START': 15, 'END': 15}",llm_evaluation,145.3465,10,5,5,50,1.0,0.4031282051282051,0.8740650932400932,0.1943763163383939,0.1949689239781367,0.1569232536226997,-0.1756669550607996,0.1569232536226997,0.02432958327696,0.0925374399017172,39,11,0,0.78,1.0,10,14.5346,2.9069,llm_multiagent_system,['unknown'],training_data_update,10,200,retraining,200,0.0114903010427951
20,2025-12-28T00:23:30.644435,generation,12.3652,476,random,prediction,0.0182,476,0.8745133280754089,0.0592139549553394,0.5206166604345962,0.2875072284695048,0.0,selection,10,15,"{'Validator': 0, 'True_pass': 0, 'False_pass': 0, 'Split': 0, 'Decompose_2': 8, 'Decompose_3': 6, 'Decompose_4': 0, 'Combine_all': 14, 'Combine_any': 0, 'Solver': 12, 'Python_solver': 15, 'Explain': 17, 'Extract_topic': 11, 'START': 15, 'END': 15}",llm_evaluation,150.1675,10,5,5,50,1.0,0.7083333333333333,0.8940333333333335,0.0982466793331968,0.0993863145841415,0.0873515995661417,0.4128751603702396,0.0873515995661417,0.0626253777777777,0.1898322753602058,43,7,0,0.86,1.0,10,15.0168,3.0034,llm_multiagent_system,['unknown'],training_data_update,10,210,retraining,210,0.0107619134975331
21,2025-12-28T00:24:56.304680,generation,12.0051,466,random,prediction,0.0238,466,0.873189389705658,0.0238565728068351,0.519354080581486,0.3070874269967276,0.0001,selection,10,15,"{'Validator': 0, 'True_pass': 0, 'False_pass': 0, 'Split': 0, 'Decompose_2': 3, 'Decompose_3': 3, 'Decompose_4': 8, 'Combine_all': 14, 'Combine_any': 0, 'Solver': 7, 'Python_solver': 23, 'Explain': 14, 'Extract_topic': 14, 'START': 15, 'END': 15}",llm_evaluation,64.9008,10,5,5,50,1.0,0.5646666666666667,0.9254666666666664,0.1353746406581872,0.1464727610163661,0.1275312970002492,0.310475002528096,0.1275312970002492,0.0332727111111111,0.09881400699613,45,5,0,0.9,1.0,10,6.4901,1.298,llm_multiagent_system,['unknown'],training_data_update,10,220,retraining,220,0.0123198640448125
22,2025-12-28T00:27:59.426460,generation,12.2044,459,random,prediction,0.0175,459,0.8878688812255859,0.0162251964211463,0.5068903727525914,0.3330194099731722,0.0,selection,10,15,"{'Validator': 0, 'True_pass': 0, 'False_pass': 0, 'Split': 0, 'Decompose_2': 2, 'Decompose_3': 4, 'Decompose_4': 8, 'Combine_all': 14, 'Combine_any': 0, 'Solver': 2, 'Python_solver': 18, 'Explain': 21, 'Extract_topic': 16, 'START': 15, 'END': 15}",llm_evaluation,160.1723,10,5,5,50,1.0,0.0,0.7997697112635792,0.3054811509962849,0.3169688311921753,0.2085489214821635,-0.4746489287142131,0.2085489214821635,0.0351278581371254,0.1116990019716882,37,8,5,0.74,0.9,10,16.0172,3.2034,llm_multiagent_system,['unknown'],training_data_update,10,230,retraining,230,0.0118979274740685
23,2025-12-28T00:46:28.622995,generation,13.0098,449,random,prediction,0.0179,449,0.8698497414588928,0.044770635664463,0.3790104750601911,0.2966653491252483,0.0,selection,10,15,"{'Validator': 0, 'True_pass': 0, 'False_pass': 0, 'Split': 0, 'Decompose_2': 4, 'Decompose_3': 2, 'Decompose_4': 9, 'Combine_all': 15, 'Combine_any': 0, 'Solver': 8, 'Python_solver': 24, 'Explain': 21, 'Extract_topic': 5, 'START': 15, 'END': 15}",llm_evaluation,1086.1169,10,5,5,50,1.0,0.0,0.5749924242424242,0.3937641177669333,0.4947813979107581,0.3484710335803754,-0.9398181903358708,0.3484710335803754,0.0508967447199265,0.1569431638126478,25,10,15,0.5,0.7,10,108.6117,21.7223,llm_multiagent_system,['unknown'],training_data_update,10,240,retraining,240,0.0120779910435279
24,2025-12-28T00:49:58.286005,generation,12.5773,439,random,prediction,0.0196,439,0.8742936253547668,4.835518848267384e-05,0.4058565319938682,0.3296784372275644,0.0,selection,10,15,"{'Validator': 0, 'True_pass': 0, 'False_pass': 0, 'Split': 0, 'Decompose_2': 4, 'Decompose_3': 2, 'Decompose_4': 9, 'Combine_all': 15, 'Combine_any': 0, 'Solver': 8, 'Python_solver': 19, 'Explain': 21, 'Extract_topic': 10, 'START': 15, 'END': 15}",llm_evaluation,187.0682,10,5,5,50,1.0,0.6345454545454545,0.9205434343434342,0.1168436376776604,0.1264098443108672,0.1130048133753766,-0.2404271799526293,0.1130048133753766,0.0365136310172431,0.1175607082728523,44,6,0,0.88,1.0,10,18.7068,3.7414,llm_multiagent_system,['unknown'],training_data_update,10,250,retraining,250,0.0115610552132129
25,2025-12-28T00:52:50.529199,generation,12.7346,429,random,prediction,0.0209,429,0.873603105545044,0.0001207116729347,0.3716008768218574,0.3381483656305676,0.0,selection,10,15,"{'Validator': 0, 'True_pass': 0, 'False_pass': 0, 'Split': 0, 'Decompose_2': 4, 'Decompose_3': 2, 'Decompose_4': 9, 'Combine_all': 15, 'Combine_any': 0, 'Solver': 13, 'Python_solver': 19, 'Explain': 16, 'Extract_topic': 10, 'START': 15, 'END': 15}",llm_evaluation,148.3069,10,5,5,50,1.0,0.6900000000000001,0.8668666666666667,0.0997503773315057,0.0999635426855954,0.0825455123265584,0.3498733632256344,0.0825455123265584,0.0758584888888888,0.2269610115884255,41,8,1,0.82,0.98,10,14.8307,2.9661,llm_multiagent_system,['unknown'],training_data_update,10,260,retraining,260,0.0114242499264387
26,2025-12-28T00:56:35.860651,generation,12.334,419,random,prediction,0.0176,419,0.8659732937812805,0.0004015754093416,0.3354877524331005,0.3230157303231029,0.0,selection,10,15,"{'Validator': 0, 'True_pass': 0, 'False_pass': 0, 'Split': 0, 'Decompose_2': 6, 'Decompose_3': 4, 'Decompose_4': 5, 'Combine_all': 15, 'Combine_any': 0, 'Solver': 21, 'Python_solver': 19, 'Explain': 14, 'Extract_topic': 2, 'START': 15, 'END': 15}",llm_evaluation,202.4364,10,5,5,50,1.0,0.66,0.8931351351351351,0.1161840433153808,0.1172433060215623,0.1060749960332303,0.6262259234035764,0.1060749960332303,0.0708753250547844,0.1874909557653719,44,6,0,0.88,1.0,10,20.2436,4.0487,llm_multiagent_system,['unknown'],training_data_update,10,270,retraining,270,0.0124598302774959
27,2025-12-28T00:59:30.295372,generation,12.5413,409,random,prediction,0.018,409,0.8867030143737793,0.0012257723137736,0.3662543713666207,0.3190388507519962,0.0,selection,10,15,"{'Validator': 0, 'True_pass': 0, 'False_pass': 0, 'Split': 0, 'Decompose_2': 6, 'Decompose_3': 2, 'Decompose_4': 7, 'Combine_all': 15, 'Combine_any': 0, 'Solver': 17, 'Python_solver': 19, 'Explain': 19, 'Extract_topic': 3, 'START': 15, 'END': 15}",llm_evaluation,150.5194,10,5,5,50,1.0,0.6533333333333333,0.8424074074074074,0.1416550467275151,0.1467480067698178,0.1333772996619895,-0.2291138585113387,0.1333772996619895,0.0939396433470507,0.2368982490158248,41,8,1,0.82,0.98,10,15.0519,3.0104,llm_multiagent_system,['unknown'],training_data_update,10,280,retraining,280,0.0128121200150677
28,2025-12-28T01:02:56.968327,generation,12.5397,401,random,prediction,0.0178,401,0.8595817685127258,0.0028282876592129,0.3434612034614479,0.3156156644947491,0.0,selection,10,15,"{'Validator': 0, 'True_pass': 0, 'False_pass': 0, 'Split': 0, 'Decompose_2': 0, 'Decompose_3': 2, 'Decompose_4': 13, 'Combine_all': 15, 'Combine_any': 0, 'Solver': 4, 'Python_solver': 15, 'Explain': 26, 'Extract_topic': 13, 'START': 15, 'END': 15}",llm_evaluation,181.1116,10,5,5,50,1.0,0.6933333333333334,0.9425333333333332,0.1005804487296943,0.1265528562334698,0.1203286574999491,-0.4487811180606167,0.1203286574999491,0.0308753777777777,0.0920938667553388,46,4,0,0.92,1.0,10,18.1112,3.6222,llm_multiagent_system,['unknown'],training_data_update,10,290,retraining,290,0.0137485639031591
29,2025-12-28T01:07:26.764994,generation,12.2731,401,random,prediction,0.0164,401,0.8781344890594482,1.0320608453184832e-05,0.3155737191558198,0.35704262358870376,0.0,selection,10,15,"{'Validator': 0, 'True_pass': 0, 'False_pass': 0, 'Split': 0, 'Decompose_2': 0, 'Decompose_3': 2, 'Decompose_4': 13, 'Combine_all': 15, 'Combine_any': 0, 'Solver': 4, 'Python_solver': 15, 'Explain': 26, 'Extract_topic': 13, 'START': 15, 'END': 15}",llm_evaluation,245.4329,10,5,5,50,1.0,0.7478260869565218,0.8889179320787368,0.09441195946380607,0.09502605449364594,0.08670318408260969,0.06491883223544805,0.08670318408260969,0.07202007126601191,0.20700734725281925,43,7,0,0.86,1.0,10,24.5433,4.9087,llm_multiagent_system,['unknown'],training_data_update,10,300,retraining,300,0.012318096521000067
