iteration_num,timestamp,step_1_generation_step_name,step_1_generation_duration_seconds,step_1_generation_num_samples,step_1_generation_strategy,step_2_prediction_step_name,step_2_prediction_duration_seconds,step_2_prediction_num_samples,step_2_prediction_best_predicted,step_2_prediction_worst_predicted,step_2_prediction_mean_predicted,step_2_prediction_std_predicted,step_2_prediction_metadata_inference_time_per_graph,step_3_selection_step_name,step_3_selection_num_graphs_selected,step_3_selection_good_graphs_set_size,step_3_selection_good_graphs_description_node_type_counts_Validator,step_3_selection_good_graphs_description_node_type_counts_True_pass,step_3_selection_good_graphs_description_node_type_counts_False_pass,step_3_selection_good_graphs_description_node_type_counts_Split,step_3_selection_good_graphs_description_node_type_counts_Decompose_2,step_3_selection_good_graphs_description_node_type_counts_Decompose_3,step_3_selection_good_graphs_description_node_type_counts_Decompose_4,step_3_selection_good_graphs_description_node_type_counts_Combine_all,step_3_selection_good_graphs_description_node_type_counts_Combine_any,step_3_selection_good_graphs_description_node_type_counts_Solver,step_3_selection_good_graphs_description_node_type_counts_Python_solver,step_3_selection_good_graphs_description_node_type_counts_Explain,step_3_selection_good_graphs_description_node_type_counts_Extract_topic,step_3_selection_good_graphs_description_node_type_counts_START,step_3_selection_good_graphs_description_node_type_counts_END,step_4_evaluation_step_name,step_4_evaluation_duration_seconds,step_4_evaluation_num_samples,step_4_evaluation_best_evaluated,step_4_evaluation_worst_evaluated,step_4_evaluation_mean_evaluated,step_4_evaluation_std_evaluated,step_4_evaluation_rmse_gnn_vs_llm,step_4_evaluation_metadata_evaluation_time_per_graph,step_4_evaluation_metadata_evaluation_method,step_5_training_update_step_name,step_5_training_update_num_training_samples_added,step_5_training_update_total_training_dataset_size,step_6_retraining_step_name,step_6_retraining_training_samples,step_6_retraining_final_loss
0,2025-11-27 19:14:53.719161,generation,9.8776,6704,random,prediction,0.0026,6704,0.9999384348790356,0.0006511494958933994,0.4955965585627865,0.28460154724902165,0.0,selection,10,990,425,425,425,375,308,355,316,1354,425,2631,2763,1445,1430,990,990,evaluation,0.0,10,0.5189628960580699,0.31978312229965916,0.4112214179356064,0.06775637680141754,0.5920386476069694,0.0,synthetic_heuristic,training_data_update,10,10,retraining,10,0.0015366983134299517
1,2025-11-27 19:15:16.032878,generation,9.5415,6695,random,prediction,9.2383,6695,0.484119176864624,0.26674237847328186,0.3935686307847277,0.051042216376185987,0.0014,selection,10,1000,446,446,446,373,306,352,314,1345,446,2657,2766,1454,1433,1000,1000,evaluation,0.0,10,0.5976634677873653,0.2731075458869029,0.4082637902140185,0.11573656807455807,0.600262155147048,0.0,synthetic_heuristic,training_data_update,10,20,retraining,20,0.003445899114012718
2,2025-11-27 19:15:40.247131,generation,11.1821,6705,random,prediction,9.2004,6705,0.5854813456535339,0.23007479310035706,0.4048296942184613,0.07648487020154171,0.0014,selection,10,1000,453,453,453,371,303,350,309,1333,453,2631,2740,1469,1437,1000,1000,evaluation,0.001,10,0.5749668923388283,0.2726416742727266,0.4244221055159848,0.10448610604913197,0.5805259717945338,0.0001,synthetic_heuristic,training_data_update,10,30,retraining,30,0.004478791728615761
3,2025-11-27 19:16:05.350314,generation,10.6565,6769,random,prediction,9.332,6769,0.5909751653671265,0.27521437406539917,0.40211396700593777,0.0702160397838021,0.0014,selection,10,1000,459,459,459,368,303,343,308,1322,459,2627,2717,1469,1434,1000,1000,evaluation,0.001,10,0.5380621887553174,0.26707361269028573,0.39698354320897283,0.08706973357938819,0.6036441595840074,0.0001,synthetic_heuristic,training_data_update,10,40,retraining,40,0.005604956392198801
4,2025-11-27 19:16:30.094107,generation,10.4421,6572,random,prediction,9.0538,6572,0.5839405059814453,0.2706090807914734,0.3915291276198658,0.059578197174549166,0.0014,selection,10,1000,470,470,470,366,299,341,302,1308,470,2616,2698,1467,1419,1000,1000,evaluation,0.0,10,0.5366931673984003,0.27112238279839596,0.404053529157392,0.08281588637789428,0.5944701919356176,0.0,synthetic_heuristic,training_data_update,10,50,retraining,50,0.00553091311827302
5,2025-11-27 19:16:55.420892,generation,10.5069,6697,random,prediction,9.2742,6697,0.5935878157615662,0.2729272246360779,0.4139603965225835,0.056074091937899175,0.0014,selection,10,1000,482,482,482,366,295,334,299,1294,482,2611,2676,1469,1423,1000,1000,evaluation,0.001,10,0.5750863011823557,0.21776647669732024,0.4329848976387717,0.12188771179018994,0.5707344390802214,0.0001,synthetic_heuristic,training_data_update,10,60,retraining,60,0.0055868707597255705
6,2025-11-27 19:17:20.722872,generation,9.3031,6654,random,prediction,9.1266,6654,0.6044144034385681,0.17587797343730927,0.3989331413330278,0.07216329569601775,0.0014,selection,10,1000,488,488,488,370,288,331,296,1285,488,2636,2665,1434,1415,1000,1000,evaluation,0.001,10,0.5587807444283763,0.29496869980013596,0.41271127546531866,0.073966733350381,0.5811679081239153,0.0001,synthetic_heuristic,training_data_update,10,70,retraining,70,0.005269438999571971
7,2025-11-27 19:17:47.369609,generation,9.719,6718,random,prediction,9.5594,6718,0.6085357069969177,0.18825337290763855,0.40017650148882045,0.06900326812811605,0.0014,selection,10,1000,495,495,495,366,287,328,292,1273,495,2598,2656,1457,1420,1000,1000,evaluation,0.0,10,0.5844879026631342,0.2734280990636603,0.4501248421797463,0.09840825381994765,0.5459670491487989,0.0,synthetic_heuristic,training_data_update,10,80,retraining,80,0.005933828465640545
8,2025-11-27 19:18:16.089108,generation,11.2839,6762,random,prediction,9.9128,6762,0.5974410772323608,0.195506289601326,0.399758172842639,0.07182962545869984,0.0015,selection,10,1000,500,500,500,361,285,325,290,1261,500,2583,2641,1457,1409,1000,1000,evaluation,0.0,10,0.5261226844480509,0.29893553494712344,0.4172097511111266,0.06291861191687223,0.5715417214327441,0.0,synthetic_heuristic,training_data_update,10,90,retraining,90,0.0051275486230022375
9,2025-11-27 19:18:44.549993,generation,10.7054,6734,random,prediction,9.3739,6734,0.5871134996414185,0.19597309827804565,0.40038099444192204,0.06957742993748697,0.0014,selection,10,1000,507,507,507,361,280,321,288,1250,507,2574,2624,1454,1401,1000,1000,evaluation,0.0,10,0.5490136286167311,0.13546247213703916,0.391462016563478,0.12451214563444427,0.6053918736919354,0.0,synthetic_heuristic,training_data_update,10,100,retraining,100,0.006574240736663342
10,2025-11-27 19:19:13.962334,generation,11.3846,6728,random,prediction,9.2572,6728,0.5837267637252808,0.1728113740682602,0.40504455731408706,0.06613210118356434,0.0014,selection,10,1000,512,512,512,358,277,317,288,1240,512,2569,2607,1456,1399,1000,1000,evaluation,0.0,10,0.5679026324210641,0.25619025219145874,0.40875133824008447,0.10473197628355174,0.5825280898271197,0.0,synthetic_heuristic,training_data_update,10,110,retraining,110,0.007289783199402419
11,2025-11-27 19:19:43.069494,generation,10.6476,6728,random,prediction,9.2532,6728,0.604616105556488,0.22771628201007843,0.416224882272421,0.05928336428828154,0.0014,selection,10,1000,516,516,516,358,275,314,288,1235,516,2583,2585,1464,1400,1000,1000,evaluation,0.0,10,0.5508750455821283,0.30085243019821617,0.4201282569066782,0.07847938180884227,0.5657145414394353,0.0,synthetic_heuristic,training_data_update,10,120,retraining,120,0.006984330713748932
12,2025-11-27 19:20:13.208887,generation,10.9149,6630,random,prediction,9.1186,6630,0.5997635722160339,0.2401868999004364,0.41742698080714113,0.061780593430151846,0.0014,selection,10,1000,494,494,494,357,273,324,314,1268,494,2682,2582,1458,1410,1000,1000,evaluation,0.0,10,0.5431596435748374,0.2770791900216717,0.38268854819206116,0.07431832700163536,0.5995705566209706,0.0,synthetic_heuristic,training_data_update,10,130,retraining,130,0.007449570301776895
13,2025-11-27 19:20:41.629880,generation,8.4674,6727,random,prediction,9.3829,6727,0.5949047803878784,0.24721820652484894,0.4082309680378807,0.049576422873911105,0.0014,selection,10,1000,501,501,501,357,269,319,311,1256,501,2671,2562,1461,1410,1000,1000,evaluation,0.001,10,0.47001454689130256,0.2831795854900352,0.38337641651303456,0.0528117698203507,0.5946016998440803,0.0001,synthetic_heuristic,training_data_update,10,140,retraining,140,0.007164160521434886
14,2025-11-27 19:21:12.373450,generation,10.8968,6618,random,prediction,9.0937,6618,0.6100022196769714,0.25152072310447693,0.41237120265487315,0.04971459395591113,0.0014,selection,10,1000,514,514,514,350,267,318,306,1241,514,2648,2552,1469,1393,1000,1000,evaluation,0.0,10,0.5758247234361864,0.1464405542825855,0.3988018550715449,0.12637523928081015,0.5890103706095174,0.0,synthetic_heuristic,training_data_update,10,150,retraining,150,0.007668829845885436
15,2025-11-27 19:21:42.990174,generation,10.6715,6610,random,prediction,8.9829,6610,0.6043674349784851,0.24441885948181152,0.4104064545409582,0.04908752682631569,0.0014,selection,10,1000,541,541,541,352,267,305,282,1206,541,2566,2530,1494,1389,1000,1000,evaluation,0.001,10,0.5101460791631037,0.2906622478998146,0.4251949677530723,0.06195946919750652,0.5509565143653238,0.0001,synthetic_heuristic,training_data_update,10,160,retraining,160,0.007199932727962733
16,2025-11-27 19:22:12.110297,generation,7.7244,6670,random,prediction,9.1605,6670,0.5982524752616882,0.22171175479888916,0.40571578807871916,0.05266467489817353,0.0014,selection,10,1000,550,550,550,353,265,301,276,1195,550,2556,2510,1495,1381,1000,1000,evaluation,0.001,10,0.5549295619658152,0.32965970763407326,0.4630658317325347,0.07294235559705162,0.5128032774357649,0.0001,synthetic_heuristic,training_data_update,10,170,retraining,170,0.007380769752404269
17,2025-11-27 19:22:44.558722,generation,11.0335,6672,random,prediction,9.0906,6672,0.5904919505119324,0.2106201946735382,0.41336918916615795,0.05338870538394575,0.0014,selection,10,1000,557,557,557,352,261,298,273,1184,557,2548,2493,1501,1381,1000,1000,evaluation,0.001,10,0.5737620113640352,0.29916546532742627,0.4495780885265154,0.08943256814708503,0.5270244680711889,0.0001,synthetic_heuristic,training_data_update,10,180,retraining,180,0.007376672224038177
18,2025-11-27 19:23:14.611350,generation,8.5173,6605,random,prediction,8.976,6605,0.5921370387077332,0.23538313806056976,0.4107733757341567,0.049579638449303666,0.0014,selection,10,1000,571,571,571,350,256,294,270,1170,571,2536,2486,1498,1369,1000,1000,evaluation,0.0,10,0.5754067221722752,0.323597589239892,0.4380538500201635,0.08932025128673038,0.5362926774378587,0.0,synthetic_heuristic,training_data_update,10,190,retraining,190,0.007210428684361671
19,2025-11-27 19:23:47.814865,generation,10.3945,6675,random,prediction,9.1046,6675,0.5991311073303223,0.23010483384132385,0.4167750096767583,0.048897450766076156,0.0014,selection,10,1000,585,585,585,344,255,291,266,1156,585,2532,2471,1505,1368,1000,1000,evaluation,0.001,10,0.5712584584478626,0.3230183825024138,0.47354565504647494,0.08441809551403713,0.49922044432771207,0.0001,synthetic_heuristic,training_data_update,10,200,retraining,200,0.007377367205917835
20,2025-11-27 19:24:21.172639,generation,9.9557,6710,random,prediction,9.1804,6710,0.5884475708007812,0.23588992655277252,0.42249521995754424,0.04982521448121174,0.0014,selection,10,1000,593,593,593,342,252,286,265,1145,593,2532,2449,1510,1359,1000,1000,evaluation,0.001,10,0.5798640519852925,0.17608538333033064,0.46483877787961153,0.11945360020040535,0.5135804670862734,0.0001,synthetic_heuristic,training_data_update,10,210,retraining,210,0.007749835082462856
21,2025-11-27 19:24:56.235906,generation,11.4594,6711,random,prediction,9.1704,6711,0.5790883898735046,0.272553026676178,0.4236377259690579,0.04541108882181555,0.0014,selection,10,1000,604,604,604,338,248,284,262,1132,604,2536,2425,1511,1352,1000,1000,evaluation,0.001,10,0.6094483498943573,0.2941800055343604,0.42109259982897534,0.08967425155186018,0.5488448936600647,0.0001,synthetic_heuristic,training_data_update,10,220,retraining,220,0.007576993937519464
22,2025-11-27 19:25:31.523493,generation,10.6376,6680,random,prediction,9.1126,6680,0.5857653021812439,0.2642371952533722,0.41888102939921223,0.04902518523087351,0.0014,selection,10,1000,608,608,608,336,249,282,259,1126,608,2533,2409,1508,1340,1000,1000,evaluation,0.0,10,0.5647789685936138,0.34624965669278635,0.42881617159816016,0.06098976739500853,0.5351566959572239,0.0,synthetic_heuristic,training_data_update,10,230,retraining,230,0.007131991203388442
23,2025-11-27 19:26:08.553462,generation,11.8144,6743,random,prediction,9.2781,6743,0.5834704637527466,0.27344346046447754,0.4173210159255722,0.048408927904443975,0.0014,selection,10,1000,614,614,614,336,246,278,254,1114,614,2523,2385,1512,1333,1000,1000,evaluation,0.0,10,0.5748957654841003,0.2998158254038812,0.445478603180214,0.08465007107595555,0.5206478532183354,0.0,synthetic_heuristic,training_data_update,10,240,retraining,240,0.006933491894354423
24,2025-11-27 19:26:45.394023,generation,11.6499,6665,random,prediction,9.2432,6665,0.5982086658477783,0.2934066355228424,0.42992534359325973,0.05068600669190733,0.0014,selection,10,1000,593,593,593,331,244,273,274,1122,593,2521,2410,1511,1375,1000,1000,evaluation,0.0,10,0.5859362098086913,0.23341613581297987,0.4270811950305123,0.1109384715748003,0.5420095270106665,0.0,synthetic_heuristic,training_data_update,10,250,retraining,250,0.007332502268254757
25,2025-11-27 19:27:20.865162,generation,9.4727,6633,random,prediction,9.1465,6633,0.5815442204475403,0.26815852522850037,0.4247772011860417,0.05010323675416919,0.0014,selection,10,1000,600,600,600,334,239,269,269,1111,600,2515,2387,1515,1374,1000,1000,evaluation,0.0,10,0.5590050504432496,0.3027574923160877,0.3982648487284079,0.07824640281388352,0.5637615741727395,0.0,synthetic_heuristic,training_data_update,10,260,retraining,260,0.007258307052632937
26,2025-11-27 19:27:57.055375,generation,9.5934,6665,random,prediction,9.0787,6665,0.598020076751709,0.2243860512971878,0.4264755810192449,0.05409260928235296,0.0014,selection,10,1000,619,619,619,333,236,265,258,1092,619,2510,2347,1534,1356,1000,1000,evaluation,0.001,10,0.5249134384774023,0.21395304309433955,0.39758800013215273,0.0864073271491723,0.5640902175702323,0.0001,synthetic_heuristic,training_data_update,10,270,retraining,270,0.007075146537412096
27,2025-11-27 19:28:35.294111,generation,11.4743,6688,random,prediction,9.2024,6688,0.6001460552215576,0.2519659101963043,0.4214190786802455,0.048646494130333555,0.0014,selection,10,1000,634,634,634,329,236,261,249,1075,634,2507,2309,1535,1344,1000,1000,evaluation,0.0,10,0.45868082448459085,0.09271084652854972,0.31371099580590567,0.11698549458072714,0.6507608068646127,0.0,synthetic_heuristic,training_data_update,10,280,retraining,280,0.007655336814267295
28,2025-11-27 19:29:14.661829,generation,11.591,6661,random,prediction,9.0657,6661,0.608845591545105,0.22511500120162964,0.4203515866688289,0.05347050827419016,0.0014,selection,10,1000,645,645,645,327,236,258,239,1060,645,2491,2281,1535,1327,1000,1000,evaluation,0.0,10,0.5692324966046136,0.2705687685863329,0.44321713791243855,0.09801066911772914,0.5185056065360834,0.0,synthetic_heuristic,training_data_update,10,290,retraining,290,0.007841804726370449
29,2025-11-27 19:29:54.019785,generation,10.9746,6596,random,prediction,8.971,6596,0.5972904562950134,0.2575598955154419,0.4277040854665711,0.05023565397883595,0.0014,selection,10,1000,654,654,654,326,235,255,235,1051,654,2478,2273,1534,1324,1000,1000,evaluation,0.0,10,0.5637942991172309,0.28196292032882697,0.4286910781255727,0.08400456226000586,0.5291886028227131,0.0,synthetic_heuristic,training_data_update,10,300,retraining,300,0.007421561398853858
30,2025-11-27 19:30:32.098426,generation,9.8151,6612,random,prediction,8.9849,6612,0.5958830714225769,0.23337826132774353,0.41885049690262016,0.05078079565201969,0.0014,selection,10,1000,663,663,663,325,232,254,230,1041,663,2473,2255,1536,1307,1000,1000,evaluation,0.0,10,0.5600652123833827,0.28343136614147385,0.4006828199842416,0.08152295924201003,0.5544049526012886,0.0,synthetic_heuristic,training_data_update,10,310,retraining,310,0.007548664269908782
31,2025-11-27 19:31:10.190555,generation,9.6373,6636,random,prediction,8.9919,6636,0.6073035001754761,0.2551696300506592,0.42007921860654934,0.051121635840852366,0.0014,selection,10,1000,681,681,681,317,229,250,224,1020,681,2454,2243,1538,1312,1000,1000,evaluation,0.0,10,0.5362925133496725,0.3160986246790369,0.40257626039574157,0.07656980029695386,0.5506369395441258,0.0,synthetic_heuristic,training_data_update,10,320,retraining,320,0.007414726261049509
32,2025-11-27 19:31:51.130106,generation,11.3018,6642,random,prediction,9.0119,6642,0.5953843593597412,0.23027881979942322,0.416241407591835,0.051985554562704706,0.0014,selection,10,1000,688,688,688,317,227,244,221,1009,688,2446,2223,1541,1309,1000,1000,evaluation,0.001,10,0.569141595651617,0.2984744870243875,0.4189773358031144,0.08177802963530831,0.5334931301116513,0.0001,synthetic_heuristic,training_data_update,10,330,retraining,330,0.007463560941995996
33,2025-11-27 19:32:32.826555,generation,11.7027,6637,random,prediction,9.1286,6637,0.5810527205467224,0.24302971363067627,0.4194251036309901,0.05231640704597442,0.0014,selection,10,1000,689,689,689,315,223,250,218,1006,689,2452,2214,1542,1313,1000,1000,evaluation,0.001,10,0.5847622494955436,0.29390572699922923,0.37755545192642403,0.08914040375768703,0.5738082368003966,0.0001,synthetic_heuristic,training_data_update,10,340,retraining,340,0.0072972558767480005
34,2025-11-27 19:33:14.711650,generation,11.7276,6609,random,prediction,9.0687,6609,0.567035436630249,0.31664395332336426,0.4170034670454595,0.047304624232798395,0.0014,selection,10,1000,690,690,690,311,220,258,216,1005,690,2480,2191,1536,1309,1000,1000,evaluation,0.0,10,0.5667655863013958,0.2749038620871154,0.42370014292169406,0.0965304461561329,0.5275101203606125,0.0,synthetic_heuristic,training_data_update,10,350,retraining,350,0.007701854375856263
35,2025-11-27 19:33:56.721664,generation,10.4914,6719,random,prediction,9.1814,6719,0.5792606472969055,0.3153800964355469,0.41847938993339434,0.04588910346870397,0.0014,selection,10,1000,687,687,687,313,213,266,214,1006,687,2498,2173,1537,1314,1000,1000,evaluation,0.001,10,0.5699021752457781,0.40895394048321976,0.49149692060695893,0.04991224494381272,0.45231562954943133,0.0001,synthetic_heuristic,training_data_update,10,360,retraining,360,0.007629356119367811
36,2025-11-27 19:34:38.506915,generation,10.1569,6641,random,prediction,9.0747,6641,0.5782069563865662,0.3147864043712616,0.4232852384234889,0.04709057468778087,0.0014,selection,10,1000,683,683,683,310,207,275,211,1003,683,2491,2172,1549,1318,1000,1000,evaluation,0.001,10,0.5408663989362044,0.30495635597017307,0.4253494609491909,0.08351892065475494,0.5205149391930809,0.0001,synthetic_heuristic,training_data_update,10,370,retraining,370,0.007740777333241862
37,2025-11-27 19:35:21.109979,generation,10.6386,6725,random,prediction,9.1734,6725,0.5828683972358704,0.31777071952819824,0.4231415323076638,0.04597370500469338,0.0014,selection,10,1000,680,680,680,307,204,279,206,996,680,2477,2162,1559,1310,1000,1000,evaluation,0.001,10,0.46246073525090087,0.2666889396930701,0.38518958576967754,0.0618007781389308,0.5552228913541961,0.0001,synthetic_heuristic,training_data_update,10,380,retraining,380,0.007535272621010479
38,2025-11-27 19:36:04.592750,generation,10.5559,6580,random,prediction,8.8892,6580,0.5780016779899597,0.32302162051200867,0.4214933131739361,0.04482037094093882,0.0014,selection,10,1000,680,680,680,308,201,285,204,998,680,2497,2149,1557,1311,1000,1000,evaluation,0.0,10,0.5613852765671854,0.28274355232368154,0.44608988792746845,0.07944580338916914,0.49538229371420384,0.0,synthetic_heuristic,training_data_update,10,390,retraining,390,0.007554584638908123
39,2025-11-27 19:36:48.784605,generation,10.6186,6664,random,prediction,9.2323,6664,0.5838895440101624,0.32026004791259766,0.4218914461906861,0.04416146015378246,0.0014,selection,10,1000,679,679,679,310,200,251,250,1011,679,2591,2138,1557,1310,1000,1000,evaluation,0.001,10,0.5224187191871381,0.30395343397007374,0.4142510858692018,0.07723571222714731,0.5249534608335273,0.0001,synthetic_heuristic,training_data_update,10,400,retraining,400,0.0075761803612113
40,2025-11-27 19:37:33.513941,generation,11.0684,6671,random,prediction,9.1664,6671,0.574775218963623,0.3090731203556061,0.42055914561406477,0.04252291757688605,0.0014,selection,10,1000,680,680,680,309,198,255,245,1007,680,2591,2127,1564,1310,1000,1000,evaluation,0.0,10,0.5822370052779773,0.2505760198369468,0.3983984503072615,0.10256954100957347,0.5439502076045297,0.0,synthetic_heuristic,training_data_update,10,410,retraining,410,0.007549998813831225
41,2025-11-27 19:38:19.585376,generation,11.0056,6564,random,prediction,8.9859,6564,0.5760149955749512,0.3092515170574188,0.4181074222582713,0.04084218305221274,0.0014,selection,10,1000,679,679,679,304,196,261,241,1002,679,2589,2115,1571,1305,1000,1000,evaluation,0.0,10,0.5838583628645071,0.31195568862198875,0.43420553677850365,0.08799029292324044,0.5044854431697964,0.0,synthetic_heuristic,training_data_update,10,420,retraining,420,0.007727804602611633
42,2025-11-27 19:39:07.263866,generation,12.2493,6661,random,prediction,9.1545,6661,0.5715235471725464,0.31530189514160156,0.4210540457202085,0.03907795424732013,0.0014,selection,10,1000,678,678,678,299,192,269,239,999,678,2594,2109,1583,1303,1000,1000,evaluation,0.001,10,0.5867167482351134,0.293291958648103,0.48947551810619566,0.10553157821100496,0.4517774263460217,0.0001,synthetic_heuristic,training_data_update,10,430,retraining,430,0.007712994847273411
43,2025-11-27 19:39:53.880199,generation,11.3397,6614,random,prediction,9.0258,6614,0.5735276937484741,0.3067159950733185,0.4201200175562906,0.04026401917861805,0.0014,selection,10,1000,678,678,678,297,191,275,234,997,678,2596,2100,1593,1298,1000,1000,evaluation,0.0,10,0.5786801837441441,0.33158774008612396,0.4535981782123045,0.08153650881419303,0.4805195109886016,0.0,synthetic_heuristic,training_data_update,10,440,retraining,440,0.007792815752327442
44,2025-11-27 19:40:39.836295,generation,9.3261,6589,random,prediction,9.0797,6589,0.5542609095573425,0.30834880471229553,0.4224036965416856,0.03783901117778166,0.0014,selection,10,1000,683,683,683,297,187,272,230,986,683,2589,2084,1599,1306,1000,1000,evaluation,0.0,10,0.5700526677078123,0.14020971035375857,0.4190774116781563,0.12180202396322214,0.520081674260082,0.0,synthetic_heuristic,training_data_update,10,450,retraining,450,0.00802518147147364
45,2025-11-27 19:41:28.805642,generation,12.2223,6722,random,prediction,9.358,6722,0.576510488986969,0.31255167722702026,0.4267383364473415,0.040842750876300814,0.0014,selection,10,1000,669,669,669,291,183,288,228,990,669,2595,2071,1618,1299,1000,1000,evaluation,0.001,10,0.5222921582732005,0.34251090216194163,0.42817602459449927,0.06031290186448502,0.4979791901140143,0.0001,synthetic_heuristic,training_data_update,10,460,retraining,460,0.007774020326526268
46,2025-11-27 19:42:18.271909,generation,11.5482,6613,random,prediction,9.0338,6613,0.5717668533325195,0.3162851333618164,0.4225451922733954,0.04110050980787966,0.0014,selection,10,1000,671,671,671,287,181,296,224,988,671,2611,2055,1631,1300,1000,1000,evaluation,0.0,10,0.5643118281290727,0.3157764874170972,0.45184629045272356,0.07273763378767202,0.4750557125236053,0.0,synthetic_heuristic,training_data_update,10,470,retraining,470,0.008044425988609487
47,2025-11-27 19:43:06.298470,generation,10.5079,6642,random,prediction,9.2054,6642,0.5497480034828186,0.30910512804985046,0.42273058668025754,0.034916452963184505,0.0014,selection,10,1000,671,671,671,284,178,295,222,979,671,2598,2047,1636,1315,1000,1000,evaluation,0.001,10,0.5757347145835978,0.2753039720136733,0.4294275132982883,0.10666907976944305,0.5015446024668586,0.0001,synthetic_heuristic,training_data_update,10,480,retraining,480,0.007781123463064432
48,2025-11-27 19:43:56.943524,generation,12.1784,6613,random,prediction,9.2343,6613,0.5804450511932373,0.3097986876964569,0.4238852604234451,0.03726916908016696,0.0014,selection,10,1000,670,670,670,275,177,308,217,977,670,2613,2029,1637,1298,1000,1000,evaluation,0.0,10,0.5980330926241887,0.28526040389521345,0.44689042361469056,0.10284812527784665,0.48235561223998946,0.0,synthetic_heuristic,training_data_update,10,490,retraining,490,0.007878840178707424
49,2025-11-27 19:44:47.211091,generation,11.6579,6634,random,prediction,9.0059,6634,0.5742157101631165,0.31340572237968445,0.4249411637358253,0.03722103271863274,0.0014,selection,10,1000,675,675,675,272,171,316,213,972,675,2616,2026,1647,1304,1000,1000,evaluation,0.0,10,0.46827325850061713,0.33090397116866965,0.3780545124104731,0.044022473993477425,0.5406932567944638,0.0,synthetic_heuristic,training_data_update,10,500,retraining,500,0.007821804977953433
50,2025-11-27 19:45:37.628256,generation,11.4464,6633,random,prediction,9.1455,6633,0.573996365070343,0.30048659443855286,0.4214138518482532,0.03744416342514874,0.0014,selection,10,1000,675,675,675,268,170,320,210,968,675,2627,2006,1663,1299,1000,1000,evaluation,0.0,10,0.5739962828344926,0.3008973658219726,0.3922541368926705,0.08295537237294409,0.5302786642828219,0.0,synthetic_heuristic,training_data_update,10,510,retraining,510,0.007789313070037785
51,2025-11-27 19:46:29.294192,generation,11.2679,6610,random,prediction,9.0059,6610,0.5777187347412109,0.30762070417404175,0.42333285267973453,0.03696869840884847,0.0014,selection,10,1000,673,673,673,264,168,327,203,962,673,2621,1989,1673,1285,1000,1000,evaluation,0.0,10,0.5864949061087421,0.2940286782597268,0.4464231231954054,0.10014720352459777,0.4789211058584265,0.0,synthetic_heuristic,training_data_update,10,520,retraining,520,0.007873844914138317
52,2025-11-27 19:47:20.591234,generation,10.955,6643,random,prediction,9.0488,6643,0.5738382339477539,0.2876264452934265,0.4219682269043975,0.03566374303846239,0.0014,selection,10,1000,672,672,672,258,163,333,201,955,672,2629,1969,1684,1279,1000,1000,evaluation,0.001,10,0.509691094466802,0.26501431915067364,0.34016781683004726,0.07772215665070902,0.5784781706708196,0.0001,synthetic_heuristic,training_data_update,10,530,retraining,530,0.007858426777540513
53,2025-11-27 19:48:10.759744,generation,9.5724,6574,random,prediction,8.949,6574,0.5820772647857666,0.3052709698677063,0.42193398191495834,0.03695599261575382,0.0014,selection,10,1000,671,671,671,251,158,343,199,951,671,2628,1966,1684,1280,1000,1000,evaluation,0.0,10,0.5648588165863837,0.33873169969888955,0.44207696102714866,0.07554541821885767,0.4760261176043561,0.0,synthetic_heuristic,training_data_update,10,540,retraining,540,0.007861627721124226
54,2025-11-27 19:49:04.656565,generation,12.1934,6625,random,prediction,9.1485,6625,0.573259711265564,0.30385732650756836,0.41948750876930524,0.035712366275334556,0.0014,selection,10,1000,673,673,673,247,155,351,195,948,673,2636,1958,1686,1272,1000,1000,evaluation,0.0,10,0.5298724502437577,0.3058289763280988,0.4138026374447931,0.07434334250516027,0.5020102347505364,0.0,synthetic_heuristic,training_data_update,10,550,retraining,550,0.007844982189549642
55,2025-11-27 19:49:57.351992,generation,10.7278,6590,random,prediction,9.1814,6590,0.5754699110984802,0.3041602373123169,0.42139365504381326,0.035342574762704505,0.0014,selection,10,1000,676,676,676,242,151,358,191,942,676,2638,1950,1699,1270,1000,1000,evaluation,0.001,10,0.5607046296319469,0.3081551200709185,0.45768356423179224,0.07787091090898642,0.4577874407797941,0.0001,synthetic_heuristic,training_data_update,10,560,retraining,560,0.007769515684672764
56,2025-11-27 19:50:50.707316,generation,11.1722,6666,random,prediction,9.0577,6666,0.5759237408638,0.30430200695991516,0.42145799053902744,0.03511946366037702,0.0014,selection,10,1000,668,668,668,238,149,364,190,941,668,2638,1938,1704,1270,1000,1000,evaluation,0.0,10,0.570945317602988,0.31014086400178964,0.4719675658250023,0.0759539007587157,0.441841001283535,0.0,synthetic_heuristic,training_data_update,10,570,retraining,570,0.007706254794213332
57,2025-11-27 19:51:44.783711,generation,10.6445,6620,random,prediction,9.1246,6620,0.5743566155433655,0.30786415934562683,0.4235323737485171,0.037541758902172685,0.0014,selection,10,1000,666,666,666,231,146,373,189,939,666,2645,1931,1706,1266,1000,1000,evaluation,0.001,10,0.5500526438132742,0.14478949751244663,0.43002478726044496,0.11757781930995133,0.48980429973064704,0.0001,synthetic_heuristic,training_data_update,10,580,retraining,580,0.007827407574473784
58,2025-11-27 19:52:41.180874,generation,12.1655,6670,random,prediction,9.1664,6670,0.5740566849708557,0.30722010135650635,0.4228568515141328,0.03591205569825608,0.0014,selection,10,1000,666,666,666,228,144,380,187,939,666,2658,1922,1713,1268,1000,1000,evaluation,0.001,10,0.4573528164377385,0.1933780540460544,0.38601545428992134,0.0785685517705147,0.5241710940684137,0.0001,synthetic_heuristic,training_data_update,10,590,retraining,590,0.007763421254516658
59,2025-11-27 19:53:35.611990,generation,10.472,6598,random,prediction,9.0627,6598,0.5694679021835327,0.3081892132759094,0.4224756427219905,0.03652730081972798,0.0014,selection,10,1000,667,667,667,224,143,384,182,933,667,2657,1907,1721,1267,1000,1000,evaluation,0.001,10,0.615389894904488,0.32433268170478957,0.4652539614966953,0.08916158672192534,0.4463733204697134,0.0001,synthetic_heuristic,training_data_update,10,600,retraining,600,0.007740844264626503
60,2025-11-27 19:54:33.398488,generation,12.6512,6732,random,prediction,9.2063,6732,0.572152316570282,0.3105277121067047,0.42229209833657255,0.03597437284117238,0.0014,selection,10,1000,664,664,664,222,143,389,181,935,664,2658,1911,1726,1265,1000,1000,evaluation,0.0,10,0.5782651788687777,0.1622187740406869,0.3709491683096034,0.10418332941689853,0.5398101397785643,0.0,synthetic_heuristic,training_data_update,10,610,retraining,610,0.007856060079008829
61,2025-11-27 19:55:32.448527,generation,12.6163,6602,random,prediction,9.0278,6602,0.566537618637085,0.30519482493400574,0.42237992572065775,0.03475463591957596,0.0014,selection,10,1000,664,664,664,217,136,396,181,930,664,2659,1910,1735,1263,1000,1000,evaluation,0.0,10,0.5262342767473542,0.2836187440014845,0.3953745391385915,0.0818333535070075,0.5106907641712257,0.0,synthetic_heuristic,training_data_update,10,620,retraining,620,0.007832045246276164
62,2025-11-27 19:56:31.232581,generation,11.9454,6696,random,prediction,9.1984,6696,0.5791811943054199,0.31897714734077454,0.42183238569660425,0.03633969114266648,0.0014,selection,10,1000,663,663,663,214,136,398,179,927,663,2669,1893,1740,1260,1000,1000,evaluation,0.0,10,0.5775097518212691,0.2118797261920602,0.40462559874828796,0.11876765033278402,0.5074215767162669,0.0,synthetic_heuristic,training_data_update,10,630,retraining,630,0.007944807398413856
63,2025-11-27 19:57:32.874777,generation,13.2786,6645,random,prediction,9.1664,6645,0.5743619799613953,0.30890583992004395,0.42244131902360305,0.03688235813417334,0.0014,selection,10,1000,665,665,665,210,133,404,174,921,665,2672,1878,1748,1260,1000,1000,evaluation,0.001,10,0.5225363540392236,0.26731339097243284,0.40491364870565294,0.08942321414899025,0.49954912565527476,0.0001,synthetic_heuristic,training_data_update,10,640,retraining,640,0.00797045195940882
64,2025-11-27 19:58:33.031895,generation,13.0561,6670,random,prediction,9.0079,6670,0.5810590386390686,0.3156658113002777,0.423853865998617,0.03716648881635543,0.0014,selection,10,1000,662,662,662,207,128,413,173,921,662,2681,1873,1752,1261,1000,1000,evaluation,0.0,10,0.5233241068744905,0.28030063871676203,0.40030756488966696,0.07112608500950293,0.5000127518660387,0.0,synthetic_heuristic,training_data_update,10,650,retraining,650,0.007913203689341362
65,2025-11-27 19:59:29.813040,generation,9.8407,6699,random,prediction,9.0827,6699,0.5775474905967712,0.29733818769454956,0.42224157121683664,0.0369072923673674,0.0014,selection,10,1000,657,657,657,204,124,420,166,914,657,2663,1861,1763,1263,1000,1000,evaluation,0.0,10,0.5308360473983513,0.3498365588842943,0.44755667899314977,0.05463457647931555,0.44967184918372893,0.0,synthetic_heuristic,training_data_update,10,660,retraining,660,0.0078367447029009
66,2025-11-27 20:00:29.732793,generation,12.2822,6604,random,prediction,9.1914,6604,0.5722349286079407,0.29433566331863403,0.4238184908848326,0.03690408250445595,0.0014,selection,10,1000,652,652,652,199,118,429,166,912,652,2664,1859,1768,1260,1000,1000,evaluation,0.0,10,0.5423912841521839,0.2787909211851204,0.4104916056466476,0.08765145620370604,0.49011780535535354,0.0,synthetic_heuristic,training_data_update,10,670,retraining,670,0.0077371991169986444
67,2025-11-27 20:01:29.613650,generation,11.7236,6535,random,prediction,9.0557,6535,0.5783159136772156,0.29812943935394287,0.42231760380280864,0.03640663433941501,0.0014,selection,10,1000,652,652,652,195,115,437,163,910,652,2659,1865,1776,1261,1000,1000,evaluation,0.001,10,0.5757072726754162,0.2708923054122154,0.4273719102528988,0.12759676206841383,0.4814732553993701,0.0001,synthetic_heuristic,training_data_update,10,680,retraining,680,0.007978990345316775
68,2025-11-27 20:02:30.468901,generation,12.4966,6554,random,prediction,8.8732,6554,0.5732473731040955,0.2768418490886688,0.42242484337169656,0.03572515251075627,0.0014,selection,10,1000,645,645,645,191,112,443,162,908,645,2660,1853,1781,1259,1000,1000,evaluation,0.001,10,0.5703982199512703,0.33263437915594884,0.47275275889818086,0.07073163040180723,0.4236315855825941,0.0001,synthetic_heuristic,training_data_update,10,690,retraining,690,0.007942402754248916
69,2025-11-27 20:03:31.925544,generation,12.4627,6685,random,prediction,9.0827,6685,0.5752314925193787,0.2937072813510895,0.42375492704119716,0.036014675327037594,0.0014,selection,10,1000,644,644,644,187,111,449,159,906,644,2669,1839,1792,1265,1000,1000,evaluation,0.0,10,0.5346043026770803,0.2811870538769026,0.4299814338689128,0.08381502946920502,0.46702603614391447,0.0,synthetic_heuristic,training_data_update,10,700,retraining,700,0.007914060803928546
70,2025-11-27 20:04:33.492891,generation,11.6608,6648,random,prediction,9.0019,6648,0.569449782371521,0.2901400625705719,0.42166207216581425,0.03589581156297251,0.0014,selection,10,1000,639,639,639,182,107,457,158,904,639,2675,1827,1800,1267,1000,1000,evaluation,0.0,10,0.48821170105034056,0.15275854314371723,0.363989870197514,0.0944801823937373,0.5316047022317223,0.0,synthetic_heuristic,training_data_update,10,710,retraining,710,0.007950895161590945
71,2025-11-27 20:05:37.018999,generation,13.0422,6622,random,prediction,9.0129,6622,0.5740681886672974,0.29084426164627075,0.4216152592768881,0.03628319852599133,0.0014,selection,10,1000,639,639,639,177,106,462,156,901,639,2686,1812,1800,1253,1000,1000,evaluation,0.0,10,0.5701591979077643,0.18428388294250347,0.427016161783925,0.11966607573500325,0.47400556872905886,0.0,synthetic_heuristic,training_data_update,10,720,retraining,720,0.008004341936773724
72,2025-11-27 20:06:40.088442,generation,12.6226,6615,random,prediction,9.0338,6615,0.574596107006073,0.2970615327358246,0.42211879202117547,0.03719486196157295,0.0014,selection,10,1000,640,640,640,174,102,466,155,897,640,2694,1801,1805,1262,1000,1000,evaluation,0.0,10,0.5402185641011348,0.2698300552390878,0.4420300068020687,0.1012928473590845,0.45368441471200505,0.0,synthetic_heuristic,training_data_update,10,730,retraining,730,0.007931359220704395
73,2025-11-27 20:07:45.295069,generation,13.1718,6583,random,prediction,8.97,6583,0.5766062140464783,0.29246172308921814,0.42392401474869107,0.03632884781962838,0.0014,selection,10,1000,636,636,636,167,100,475,153,895,636,2693,1798,1819,1267,1000,1000,evaluation,0.0,10,0.5973598391387548,0.3223277460364432,0.4435048775374291,0.08541177874214909,0.4473957867237088,0.0,synthetic_heuristic,training_data_update,10,740,retraining,740,0.008007618832729152
74,2025-11-27 20:08:50.345350,generation,13.1681,6569,random,prediction,8.9809,6569,0.5693600177764893,0.2963615655899048,0.425281361242211,0.034929713123869784,0.0014,selection,10,1000,634,634,634,162,99,478,150,889,634,2685,1787,1826,1267,1000,1000,evaluation,0.001,10,0.4529744078912295,0.1199857337172451,0.36864967084235994,0.09913553738751775,0.5214701531031687,0.0001,synthetic_heuristic,training_data_update,10,750,retraining,750,0.008107764476289352
75,2025-11-27 20:09:54.526868,generation,11.9241,6607,random,prediction,9.1066,6607,0.5677125453948975,0.2895317077636719,0.4228713656357707,0.03301366018032031,0.0014,selection,10,1000,634,634,634,157,98,486,147,888,634,2691,1783,1830,1267,1000,1000,evaluation,0.0,10,0.6067458013060787,0.3192233802471499,0.4569769561610614,0.08057079910623148,0.4294365230428713,0.0,synthetic_heuristic,training_data_update,10,760,retraining,760,0.007986689486393804
76,2025-11-27 20:11:01.488292,generation,12.2363,6644,random,prediction,9.0159,6644,0.5765102505683899,0.2966567575931549,0.4226967359678276,0.0329593889706365,0.0014,selection,10,1000,631,631,631,154,94,493,143,884,631,2698,1764,1829,1259,1000,1000,evaluation,0.001,10,0.5335715817152253,0.29315854624746496,0.43191853833108207,0.08361189181656277,0.4525896973886756,0.0001,synthetic_heuristic,training_data_update,10,770,retraining,770,0.008082138355095666
77,2025-11-27 20:12:07.654679,generation,12.5275,6703,random,prediction,9.1356,6703,0.5856947302818298,0.3425234258174896,0.4246777072559982,0.031243356234870373,0.0014,selection,10,1000,629,629,629,153,91,497,140,881,629,2684,1766,1832,1252,1000,1000,evaluation,0.0,10,0.4973085388161517,0.26183266684776796,0.41890209148881263,0.06115698094072103,0.4604896350527841,0.0,synthetic_heuristic,training_data_update,10,780,retraining,780,0.008034848894637365
78,2025-11-27 20:13:13.031818,generation,10.9218,6497,random,prediction,8.8862,6497,0.5709415674209595,0.3367219865322113,0.42429757785187955,0.03131619414876474,0.0014,selection,10,1000,632,632,632,149,87,502,138,876,632,2691,1758,1845,1244,1000,1000,evaluation,0.0,10,0.5877224383692083,0.33461154490899614,0.44396000134070757,0.07182699338862777,0.43586271197605114,0.0,synthetic_heuristic,training_data_update,10,790,retraining,790,0.007959884004313734
79,2025-11-27 20:14:17.973327,generation,10.859,6641,random,prediction,9.1495,6641,0.5814324617385864,0.33936554193496704,0.42361628811342533,0.03196578528396681,0.0014,selection,10,1000,630,630,630,147,84,507,133,871,630,2695,1735,1846,1234,1000,1000,evaluation,0.001,10,0.5867362677893351,0.28343739368118925,0.3766322876416317,0.09946638011762828,0.5060001150182102,0.0001,synthetic_heuristic,training_data_update,10,800,retraining,800,0.008029755670577288
80,2025-11-27 20:15:26.209783,generation,12.6752,6519,random,prediction,8.8742,6519,0.571904718875885,0.34050336480140686,0.4220858181724338,0.03164620066030715,0.0014,selection,10,1000,628,628,628,143,84,512,127,866,628,2692,1718,1855,1230,1000,1000,evaluation,0.0,10,0.5411070940446152,0.2854912766249805,0.4053441543358044,0.10117008308865175,0.47719959334338624,0.0,synthetic_heuristic,training_data_update,10,810,retraining,810,0.008078576294406328
81,2025-11-27 20:16:32.553589,generation,11.0267,6610,random,prediction,8.9012,6610,0.5705252289772034,0.340047150850296,0.42153839014932715,0.030884570208615705,0.0013,selection,10,1000,629,629,629,136,80,520,125,861,629,2701,1706,1862,1230,1000,1000,evaluation,0.0,10,0.5232748955529867,0.19321868626313377,0.3820174682210117,0.09390620266723504,0.49765808291095914,0.0,synthetic_heuristic,training_data_update,10,820,retraining,820,0.008125153874478689
82,2025-11-27 20:17:39.816693,generation,11.6479,6600,random,prediction,8.949,6600,0.5751684904098511,0.34204739332199097,0.4223677966314735,0.030503103374658253,0.0014,selection,10,1000,626,626,626,131,78,528,122,859,626,2700,1699,1867,1220,1000,1000,evaluation,0.0,10,0.5602214028728787,0.3006864400167063,0.4392637147355522,0.08204846853996337,0.4380779983059049,0.0,synthetic_heuristic,training_data_update,10,830,retraining,830,0.008127744622663201
83,2025-11-27 20:18:47.272890,generation,10.543,6526,random,prediction,8.8513,6526,0.5757619738578796,0.33966606855392456,0.4230554420826372,0.030536356783838876,0.0014,selection,10,1000,624,624,624,125,78,537,118,858,624,2709,1685,1869,1216,1000,1000,evaluation,0.001,10,0.5292265009136001,0.2898540010730315,0.3801627192545432,0.07979161235586574,0.49462051013006925,0.0001,synthetic_heuristic,training_data_update,10,840,retraining,840,0.008120076447015716
84,2025-11-27 20:19:56.260353,generation,11.4853,6692,random,prediction,9.1116,6692,0.579995334148407,0.33750683069229126,0.4235066846725617,0.03070954285512897,0.0014,selection,10,1000,621,621,621,121,74,544,115,854,621,2702,1680,1894,1223,1000,1000,evaluation,0.0,10,0.5508341398571814,0.321082806062335,0.42616193960378324,0.0722114277619481,0.4464022400204099,0.0,synthetic_heuristic,training_data_update,10,850,retraining,850,0.008065342280794592
85,2025-11-27 20:21:05.357075,generation,11.4494,6609,random,prediction,9.0109,6609,0.5762692093849182,0.34019458293914795,0.4227129429069224,0.02967782520870448,0.0014,selection,10,1000,616,616,616,119,73,548,114,854,616,2703,1674,1910,1223,1000,1000,evaluation,0.0,10,0.5456440002007177,0.22981609971479988,0.3980277474573954,0.09184908683682957,0.47481689956385287,0.0,synthetic_heuristic,training_data_update,10,860,retraining,860,0.008016663703114487
86,2025-11-27 20:22:17.423343,generation,13.3024,6655,random,prediction,9.0897,6655,0.5712974667549133,0.337899774312973,0.42202182087479095,0.03038004438825567,0.0014,selection,10,1000,616,616,616,114,69,552,111,846,616,2702,1658,1924,1226,1000,1000,evaluation,0.001,10,0.5205159752289632,0.3025044784691332,0.4030525202932454,0.0751918344578091,0.4653685563124006,0.0001,synthetic_heuristic,training_data_update,10,870,retraining,870,0.008002599932510276
87,2025-11-27 20:23:28.735628,generation,12.4009,6556,random,prediction,8.8652,6556,0.5739786028862,0.3373289108276367,0.4223971948063977,0.031222776180489027,0.0014,selection,10,1000,623,623,623,111,66,558,106,841,623,2709,1652,1933,1216,1000,1000,evaluation,0.001,10,0.5584942454996031,0.3453707214621262,0.44637462556788227,0.0793109794052863,0.42243677133847557,0.0001,synthetic_heuristic,training_data_update,10,880,retraining,880,0.007977628944949671
88,2025-11-27 20:24:41.007420,generation,12.8945,6642,random,prediction,9.0668,6642,0.5718109011650085,0.33203810453414917,0.42245230577646053,0.030261368361054027,0.0014,selection,10,1000,622,622,622,107,61,566,104,838,622,2710,1650,1939,1209,1000,1000,evaluation,0.001,10,0.5677297456977439,0.32994504101914696,0.4642725437820802,0.07274887476818753,0.40241852987965876,0.0001,synthetic_heuristic,training_data_update,10,890,retraining,890,0.008037704241912016
89,2025-11-27 20:25:53.675661,generation,12.2652,6609,random,prediction,9.2533,6609,0.5735564827919006,0.3397321105003357,0.4230564817716322,0.029117404306083516,0.0014,selection,10,1000,622,622,622,105,58,570,101,834,622,2711,1643,1952,1216,1000,1000,evaluation,0.0,10,0.5860170177886845,0.13323364554240497,0.43127909592886227,0.12619223785711245,0.44520344217981017,0.0,synthetic_heuristic,training_data_update,10,900,retraining,900,0.008098966777324676
90,2025-11-27 20:27:07.443016,generation,13.2266,6618,random,prediction,9.0478,6618,0.5696120858192444,0.34012189507484436,0.4236340299271211,0.02962576529139494,0.0014,selection,10,1000,621,621,621,102,53,575,101,831,621,2715,1639,1958,1211,1000,1000,evaluation,0.0,10,0.5340443338736993,0.31846571996003703,0.4445066978751366,0.07311188783840025,0.4184966740966264,0.0,synthetic_heuristic,training_data_update,10,910,retraining,910,0.008062718507762138
91,2025-11-27 20:28:22.091477,generation,13.6047,6634,random,prediction,8.9929,6634,0.5580826997756958,0.33765527606010437,0.42351387811328833,0.030401422608147613,0.0014,selection,10,1000,622,622,622,96,52,582,97,827,622,2720,1628,1967,1204,1000,1000,evaluation,0.001,10,0.5679197351152165,0.2990258296958629,0.438044741343793,0.09983570081036598,0.4287637042234148,0.0001,synthetic_heuristic,training_data_update,10,920,retraining,920,0.00816981363636644
92,2025-11-27 20:29:36.931447,generation,13.2837,6565,random,prediction,8.8852,6565,0.5510051846504211,0.34306439757347107,0.4233657891615964,0.02723786001807436,0.0014,selection,10,1000,619,619,619,92,52,589,94,827,619,2725,1621,1978,1206,1000,1000,evaluation,0.0,10,0.5756101936725204,0.3260607130750464,0.4320612827923461,0.07082868008571992,0.4276487005391907,0.0,synthetic_heuristic,training_data_update,10,930,retraining,930,0.00811361883396423
93,2025-11-27 20:30:52.519298,generation,13.2735,6551,random,prediction,8.949,6551,0.5560935735702515,0.33832043409347534,0.4236815589936594,0.027701039855946883,0.0014,selection,10,1000,616,616,616,84,50,594,92,820,616,2716,1611,1974,1200,1000,1000,evaluation,0.001,10,0.5276716903709158,0.23762229147709565,0.4375693155960462,0.09063288892197355,0.42516828691223774,0.0001,synthetic_heuristic,training_data_update,10,940,retraining,940,0.008148804308965486
94,2025-11-27 20:32:08.490125,generation,13.8131,6596,random,prediction,8.9151,6596,0.5553150773048401,0.3395485579967499,0.42314018271163134,0.02739996808822193,0.0014,selection,10,1000,617,617,617,77,46,602,89,814,617,2724,1598,1984,1200,1000,1000,evaluation,0.001,10,0.5410607744896887,0.2824363569989345,0.3832829395882764,0.08000545367702386,0.4756061856069241,0.0001,synthetic_heuristic,training_data_update,10,950,retraining,950,0.008043657204038218
95,2025-11-27 20:33:24.016030,generation,12.9075,6636,random,prediction,9.0747,6636,0.5646365284919739,0.34454599022865295,0.42464799580353435,0.02898426402670226,0.0014,selection,10,1000,617,617,617,71,44,609,86,810,617,2731,1586,1993,1190,1000,1000,evaluation,0.0,10,0.5256508389534887,0.2248127672863794,0.38636591892764416,0.088449165202257,0.4725008193976468,0.0,synthetic_heuristic,training_data_update,10,960,retraining,960,0.008072949402655164
96,2025-11-27 20:34:41.805989,generation,13.7463,6518,random,prediction,8.9381,6518,0.5509955883026123,0.3429698944091797,0.4248323340692488,0.028405044327455883,0.0014,selection,10,1000,616,616,616,68,42,617,82,809,616,2740,1573,1998,1191,1000,1000,evaluation,0.001,10,0.5585617137398344,0.2852897264210423,0.43198889691233167,0.10136710504965277,0.4278008938798845,0.0001,synthetic_heuristic,training_data_update,10,970,retraining,970,0.008145524270486893
97,2025-11-27 20:35:57.503540,generation,11.8453,6613,random,prediction,9.0278,6613,0.5519944429397583,0.33449605107307434,0.4227566827484614,0.028626342266507634,0.0014,selection,10,1000,611,611,611,63,37,625,78,803,611,2729,1562,2000,1183,1000,1000,evaluation,0.001,10,0.5519700255985681,0.2955003832263621,0.4311483640424183,0.09822214685863716,0.42603124882978904,0.0001,synthetic_heuristic,training_data_update,10,980,retraining,980,0.008172426562832326
98,2025-11-27 20:37:13.653323,generation,11.7706,6662,random,prediction,9.0877,6662,0.5523632764816284,0.33633899688720703,0.42286444240881854,0.02638020698842541,0.0014,selection,10,1000,608,608,608,61,35,632,73,801,608,2732,1550,2012,1182,1000,1000,evaluation,0.0,10,0.47629247972150074,0.2890735478603653,0.3993774712649587,0.0629537380589399,0.44962705158891153,0.0,synthetic_heuristic,training_data_update,10,990,retraining,990,0.008145096347751943
99,2025-11-27 20:38:30.952104,generation,11.6249,6594,random,prediction,9.0109,6594,0.5578770637512207,0.34251463413238525,0.4234816151286097,0.028090433719139073,0.0014,selection,10,1000,606,606,606,58,31,639,70,798,606,2736,1538,2014,1176,1000,1000,evaluation,0.001,10,0.5878031894482436,0.2664457618244117,0.42921109164369164,0.11013382205937071,0.42862940134010086,0.0001,synthetic_heuristic,training_data_update,10,1000,retraining,1000,0.008084772147238255
100,2025-11-27 20:39:47.008169,generation,10.3812,6600,random,prediction,8.9869,6600,0.5508626699447632,0.3393447995185852,0.42196643620729446,0.028136539471070986,0.0014,selection,10,1000,599,599,599,57,30,649,70,806,599,2748,1548,2019,1180,1000,1000,evaluation,0.001,10,0.5941730400539964,0.316920654467746,0.4997730836797678,0.07225668453364209,0.13180095175105636,0.0001,synthetic_heuristic,training_data_update,10,1010,retraining,1010,0.008108238637963734
101,2025-11-27 20:41:07.821377,generation,14.3231,6661,random,prediction,9.1605,6661,0.5475191473960876,0.33554384112358093,0.42311615521369833,0.028342331516582442,0.0014,selection,10,1000,589,589,589,56,28,659,70,813,589,2760,1550,2021,1187,1000,1000,evaluation,0.0,10,0.6109171609808616,0.29155843568580087,0.4140594077407351,0.09883173871184651,0.21945682519868456,0.0,synthetic_heuristic,training_data_update,10,1020,retraining,1020,0.008119931408003265
102,2025-11-27 20:42:28.778138,generation,13.6645,6576,random,prediction,8.971,6576,0.557033896446228,0.3384285569190979,0.4239799394260938,0.028716746117423943,0.0014,selection,10,1000,579,579,579,55,24,669,70,818,579,2780,1540,2028,1195,1000,1000,evaluation,0.0,10,0.5235193644360661,0.2787485214181639,0.42315939984218076,0.08458056121155734,0.20494033739561224,0.0,synthetic_heuristic,training_data_update,10,1030,retraining,1030,0.008167744541848168
103,2025-11-27 20:43:50.487637,generation,14.1372,6581,random,prediction,8.962,6581,0.5561950206756592,0.3406986892223358,0.4243935430245529,0.02848855352832182,0.0014,selection,10,1000,567,567,567,54,22,679,70,825,567,2786,1544,2039,1196,1000,1000,evaluation,0.0013,10,0.5654995069569844,0.40940917483719175,0.4551036326897734,0.045862963482617605,0.16043690763687257,0.0001,synthetic_heuristic,training_data_update,10,1040,retraining,1040,0.008088470049775564
104,2025-11-27 20:45:11.535865,generation,13.1549,6571,random,prediction,9.0129,6571,0.5605150461196899,0.33209967613220215,0.4233125529229741,0.030444845835248074,0.0014,selection,10,1000,563,563,563,53,22,689,70,834,563,2792,1568,2045,1185,1000,1000,evaluation,0.001,10,0.5804357273358665,0.27660186931766334,0.45310283431580683,0.07811140873672348,0.17423317308773206,0.0001,synthetic_heuristic,training_data_update,10,1050,retraining,1050,0.00801349245810083
105,2025-11-27 20:46:33.782082,generation,13.3236,6582,random,prediction,8.9371,6582,0.5586488246917725,0.34124740958213806,0.42296855038004205,0.028013281945977894,0.0014,selection,10,1000,556,556,556,52,20,699,70,841,556,2798,1582,2047,1190,1000,1000,evaluation,0.0,10,0.5563075850724739,0.2923357630380665,0.3701676849868636,0.0795078847780218,0.25133660664303886,0.0,synthetic_heuristic,training_data_update,10,1060,retraining,1060,0.008064280119988153
106,2025-11-27 20:47:55.065701,generation,12.711,6494,random,prediction,8.8074,6494,0.5519604086875916,0.33680278062820435,0.4237081293357421,0.02827899147541053,0.0014,selection,10,1000,547,547,547,49,20,709,70,848,547,2808,1588,2053,1191,1000,1000,evaluation,0.0,10,0.5558465465075704,0.25964588392153576,0.3978728564901731,0.08218955178127532,0.2261281915322236,0.0,synthetic_heuristic,training_data_update,10,1070,retraining,1070,0.008086779763243188
107,2025-11-27 20:49:15.013077,generation,10.0731,6574,random,prediction,9.0029,6574,0.5551797747612,0.3384409546852112,0.42418261071831975,0.027513923640414648,0.0014,selection,10,1000,541,541,541,48,20,719,70,857,541,2825,1597,2057,1191,1000,1000,evaluation,0.0,10,0.5869247092678276,0.313530203166097,0.42696969106814553,0.09964539529469414,0.20711210235928512,0.0,synthetic_heuristic,training_data_update,10,1080,retraining,1080,0.008070598532342248
108,2025-11-27 20:50:39.403519,generation,13.6266,6642,random,prediction,9.0049,6642,0.5567843914031982,0.3379097580909729,0.4228617238041795,0.02781910660467978,0.0014,selection,10,1000,527,527,527,48,19,729,70,866,527,2830,1602,2057,1185,1000,1000,evaluation,0.0,10,0.5678665840551188,0.2960265350897662,0.4679293553987603,0.08735013714829981,0.16448464576387584,0.0,synthetic_heuristic,training_data_update,10,1090,retraining,1090,0.008091808446264321
109,2025-11-27 20:52:01.763301,generation,11.8882,6538,random,prediction,8.8932,6538,0.5558717846870422,0.3363899290561676,0.42286029880146764,0.029161915319900537,0.0014,selection,10,1000,514,514,514,46,19,739,70,874,514,2830,1612,2063,1182,1000,1000,evaluation,0.0,10,0.5535873288949977,0.29741694047767725,0.43259281776742037,0.10224902550402566,0.20243192871681923,0.0,synthetic_heuristic,training_data_update,10,1100,retraining,1100,0.008105046952312643
110,2025-11-27 20:53:27.223706,generation,14.3935,6550,random,prediction,8.9061,6550,0.5625548958778381,0.3401762843132019,0.42367327609589994,0.02946748775024361,0.0014,selection,10,1000,507,507,507,46,18,749,70,883,507,2843,1623,2063,1183,1000,1000,evaluation,0.0,10,0.6100118438531283,0.3360083180220772,0.4561038526982036,0.080160470663965,0.17110068172841966,0.0,synthetic_heuristic,training_data_update,10,1110,retraining,1110,0.00811308019601547
111,2025-11-27 20:54:52.391937,generation,13.9996,6560,random,prediction,8.9002,6560,0.5495504140853882,0.33240997791290283,0.4230055822422955,0.02960834514891967,0.0014,selection,10,1000,497,497,497,46,18,759,70,893,497,2850,1636,2066,1180,1000,1000,evaluation,0.0,10,0.5580380449253772,0.2768657980701475,0.4328040075407541,0.08575765141181298,0.19202544571029698,0.0,synthetic_heuristic,training_data_update,10,1120,retraining,1120,0.008114503124462706
112,2025-11-27 20:56:17.731706,generation,13.085,6578,random,prediction,8.9889,6578,0.5550559759140015,0.3356242775917053,0.4232217017396963,0.02878969637406403,0.0014,selection,10,1000,485,485,485,44,17,769,70,900,485,2852,1644,2073,1179,1000,1000,evaluation,0.0,10,0.5556580600041023,0.2726357530565189,0.4033225769815676,0.10227136908834683,0.22578422792867348,0.0,synthetic_heuristic,training_data_update,10,1130,retraining,1130,0.008138413671239287
113,2025-11-27 20:57:48.629612,generation,16.2875,6651,random,prediction,10.0461,6651,0.5404700636863708,0.3451128304004669,0.42346708657794957,0.027605348489291828,0.0015,selection,10,1000,472,472,472,43,17,779,70,909,472,2858,1650,2075,1179,1000,1000,evaluation,0.0,10,0.5886365917776148,0.280738844895992,0.45453821774623765,0.11017339280657489,0.18606787939826003,0.0,synthetic_heuristic,training_data_update,10,1140,retraining,1140,0.00819968533163008
114,2025-11-27 20:59:16.693098,generation,14.6748,6562,random,prediction,9.1964,6562,0.57941073179245,0.3363288640975952,0.42258191305357157,0.02888274246617909,0.0014,selection,10,1000,470,470,470,42,17,789,70,918,470,2885,1657,2078,1181,1000,1000,evaluation,0.001,10,0.5593478640922045,0.319548603027593,0.4443110432681391,0.07869959303140459,0.17840042567541936,0.0001,synthetic_heuristic,training_data_update,10,1150,retraining,1150,0.008130058868099813
115,2025-11-27 21:00:44.400538,generation,13.6346,6645,random,prediction,9.0099,6645,0.5731658935546875,0.33788615465164185,0.4238862154849765,0.028324865603107617,0.0014,selection,10,1000,457,457,457,40,17,799,70,926,457,2888,1664,2081,1172,1000,1000,evaluation,0.001,10,0.5699361960620124,0.3226593190576661,0.44956185143755667,0.09843525128648332,0.18349063070647256,0.0001,synthetic_heuristic,training_data_update,10,1160,retraining,1160,0.008215887131619042
116,2025-11-27 21:02:12.826056,generation,13.9986,6557,random,prediction,8.9351,6557,0.5618216395378113,0.34276044368743896,0.42232993687819065,0.02785744699516117,0.0014,selection,10,1000,446,446,446,37,17,809,70,933,446,2889,1675,2075,1176,1000,1000,evaluation,0.0,10,0.5390166427808103,0.2768666456889308,0.3940385262144587,0.0897162075690016,0.2286899777849099,0.0,synthetic_heuristic,training_data_update,10,1170,retraining,1170,0.008248873849391427
117,2025-11-27 21:03:39.128914,generation,11.7765,6640,random,prediction,9.0348,6640,0.5443073511123657,0.3394339680671692,0.42206385625773163,0.02824878689234323,0.0014,selection,10,1000,438,438,438,35,15,819,70,939,438,2898,1682,2079,1174,1000,1000,evaluation,0.001,10,0.5456038261499525,0.285561958082208,0.36940544533978587,0.07760103796060525,0.24744505989722138,0.0001,synthetic_heuristic,training_data_update,10,1180,retraining,1180,0.008207964999759097
118,2025-11-27 21:05:06.787727,generation,11.7539,6614,random,prediction,9.0428,6614,0.5565701723098755,0.34049057960510254,0.4245824658522838,0.029159542969906527,0.0014,selection,10,1000,429,429,429,33,14,829,70,946,429,2903,1693,2082,1180,1000,1000,evaluation,0.0,10,0.5464731035011229,0.3161329340513715,0.449301395186399,0.0912255202267424,0.17990990033191792,0.0,synthetic_heuristic,training_data_update,10,1190,retraining,1190,0.008186004697462591
119,2025-11-27 21:06:36.177044,generation,13.6388,6624,random,prediction,9.0996,6624,0.5552080869674683,0.3416205048561096,0.42259631298284456,0.027532790586476688,0.0014,selection,10,1000,418,418,418,32,14,839,70,955,418,2909,1703,2090,1181,1000,1000,evaluation,0.001,10,0.5879536027342851,0.2884872492787506,0.4477039835281783,0.08934008587706066,0.17903227015700873,0.0001,synthetic_heuristic,training_data_update,10,1200,retraining,1200,0.008200983305772146
120,2025-11-27 21:08:05.571998,generation,13.0713,6553,random,prediction,8.8553,6553,0.5562998652458191,0.33726224303245544,0.4241496103557215,0.02805861060264758,0.0014,selection,10,1000,410,410,410,31,14,849,70,964,410,2924,1710,2097,1182,1000,1000,evaluation,0.0,10,0.5742001813964399,0.258950819262332,0.4123844484261934,0.10365759568370138,0.21447451627012162,0.0,synthetic_heuristic,training_data_update,10,1210,retraining,1210,0.008225786488903455
121,2025-11-27 21:09:37.310668,generation,13.9487,6546,random,prediction,8.9251,6546,0.5548049211502075,0.33981096744537354,0.4244051485243027,0.02962961395876175,0.0014,selection,10,1000,406,406,406,28,13,858,63,962,406,2904,1716,2101,1180,1000,1000,evaluation,0.0,10,0.5466587056147594,0.30718869815301364,0.4437763172507593,0.09487226705224636,0.18268256663706095,0.0,synthetic_heuristic,training_data_update,10,1220,retraining,1220,0.008261848925078502
122,2025-11-27 21:11:08.234415,generation,13.1608,6567,random,prediction,8.967,6567,0.5572490692138672,0.34282052516937256,0.4242204010931346,0.0286016991810799,0.0014,selection,10,1000,407,407,407,26,12,864,53,955,407,2879,1715,2119,1178,1000,1000,evaluation,0.001,10,0.5802953698132711,0.30122742881813247,0.46785963865267444,0.0956632665282098,0.16294203954883602,0.0001,synthetic_heuristic,training_data_update,10,1230,retraining,1230,0.008248649523934214
123,2025-11-27 21:12:39.788421,generation,13.7814,6616,random,prediction,9.0398,6616,0.5512738227844238,0.3388209044933319,0.4242099606743963,0.027381247324122508,0.0014,selection,10,1000,398,398,398,26,12,874,53,965,398,2892,1724,2124,1177,1000,1000,evaluation,0.0,10,0.5513459349562502,0.32751662478288224,0.44274161095167325,0.06951069377395042,0.17114149446146426,0.0,synthetic_heuristic,training_data_update,10,1240,retraining,1240,0.008224409536248253
124,2025-11-27 21:14:11.887255,generation,13.7961,6561,random,prediction,8.9052,6561,0.5595996975898743,0.3456081748008728,0.4247488530965644,0.02795587880863162,0.0014,selection,10,1000,384,384,384,23,9,884,53,969,384,2894,1722,2125,1188,1000,1000,evaluation,0.0,10,0.5566596290841332,0.2717648177434958,0.4057988677602496,0.09712533406124683,0.21635777169699444,0.0,synthetic_heuristic,training_data_update,10,1250,retraining,1250,0.008256412082910537
125,2025-11-27 21:15:45.494913,generation,14.8902,6622,random,prediction,8.965,6622,0.5430681705474854,0.3397299647331238,0.42293504435412654,0.02903185379767443,0.0014,selection,10,1000,375,375,375,23,8,894,53,978,375,2897,1739,2133,1187,1000,1000,evaluation,0.001,10,0.4675238017749594,0.2667758005499278,0.3942915629687505,0.06164524907336729,0.2139144120146509,0.0001,synthetic_heuristic,training_data_update,10,1260,retraining,1260,0.008197570218896819
126,2025-11-27 21:17:18.539300,generation,13.3695,6614,random,prediction,9.1615,6614,0.5558600425720215,0.3338112235069275,0.4225560566937055,0.02811779802869628,0.0014,selection,10,1000,362,362,362,21,7,904,53,985,362,2910,1734,2131,1196,1000,1000,evaluation,0.0,10,0.583319046470298,0.31128044280026973,0.45564018134696765,0.0793807617906158,0.16369044544105396,0.0,synthetic_heuristic,training_data_update,10,1270,retraining,1270,0.008209822819692882
127,2025-11-27 21:18:53.936174,generation,15.1256,6622,random,prediction,9.2542,6622,0.5535802841186523,0.33864495158195496,0.4236515481525661,0.027842079386793565,0.0014,selection,10,1000,356,356,356,19,6,914,53,992,356,2915,1751,2134,1196,1000,1000,evaluation,0.001,10,0.5834567070065031,0.29641938199125295,0.4489284836868239,0.10181164937392444,0.18069362117752427,0.0001,synthetic_heuristic,training_data_update,10,1280,retraining,1280,0.00823901742696762
128,2025-11-27 21:20:28.895219,generation,13.9637,6585,random,prediction,8.9969,6585,0.5462244749069214,0.33765947818756104,0.4227377549888695,0.028047982687538064,0.0014,selection,10,1000,348,348,348,17,5,924,53,999,348,2923,1761,2143,1201,1000,1000,evaluation,0.0,10,0.5589018635146139,0.2982554938888004,0.4391140879481255,0.09422138996287639,0.1849020147094269,0.0,synthetic_heuristic,training_data_update,10,1290,retraining,1290,0.008216867580028006
129,2025-11-27 21:22:01.944387,generation,12.2603,6560,random,prediction,8.96,6560,0.5531236529350281,0.33562415838241577,0.42402122350091614,0.028170552974715504,0.0014,selection,10,1000,342,342,342,15,5,934,53,1007,342,2937,1771,2145,1198,1000,1000,evaluation,0.0,10,0.5965761034177092,0.30326413949287245,0.4524122816503809,0.1108683017868937,0.18311567621130675,0.0,synthetic_heuristic,training_data_update,10,1300,retraining,1300,0.00828016766991753
130,2025-11-27 21:23:36.307489,generation,12.8965,6636,random,prediction,9.0996,6636,0.5608411431312561,0.3379184603691101,0.42234001002842003,0.028099442211263842,0.0014,selection,10,1000,331,331,331,15,4,944,53,1016,331,2946,1778,2137,1192,1000,1000,evaluation,0.0,10,0.5805605445898379,0.3896507659011942,0.4812855214328229,0.05193049044488467,0.1277643621803214,0.0,synthetic_heuristic,training_data_update,10,1310,retraining,1310,0.008229355656947115
131,2025-11-27 21:25:12.651830,generation,13.7872,6566,random,prediction,8.9031,6566,0.5575709342956543,0.34230902791023254,0.4238028149397098,0.028055265653345034,0.0014,selection,10,1000,318,318,318,13,3,954,53,1023,318,2948,1784,2150,1199,1000,1000,evaluation,0.0,10,0.5174479679622175,0.27450996885196327,0.4237200110070388,0.07142540826268624,0.1882804024795039,0.0,synthetic_heuristic,training_data_update,10,1320,retraining,1320,0.008187372770837762
132,2025-11-27 21:26:47.091395,generation,11.5861,6586,random,prediction,8.9121,6586,0.553580641746521,0.3402080833911896,0.4248757445763354,0.0289237364385125,0.0014,selection,10,1000,311,311,311,12,3,964,53,1032,311,2962,1794,2154,1209,1000,1000,evaluation,0.0,10,0.5384729106150132,0.2717404726208503,0.4261941511494435,0.07732362841794925,0.18602223003168464,0.0,synthetic_heuristic,training_data_update,10,1330,retraining,1330,0.00820336828666522
133,2025-11-27 21:28:23.103514,generation,13.0234,6581,random,prediction,8.9789,6581,0.5519918203353882,0.33923181891441345,0.4228959848382266,0.02820974454277028,0.0014,selection,10,1000,307,307,307,12,3,964,53,1032,307,2961,1787,2158,1210,1000,1000,evaluation,0.0,10,0.46172285040787725,0.264430086939816,0.390422623833946,0.06318774100913756,0.2052410440687523,0.0,synthetic_heuristic,training_data_update,10,1340,retraining,1340,0.008229516007339777
134,2025-11-27 21:29:59.985738,generation,12.6674,6681,random,prediction,9.0458,6681,0.5306145548820496,0.339326411485672,0.42237595122493216,0.027160021922037373,0.0014,selection,10,1000,306,306,306,13,5,954,56,1028,306,2949,1785,2150,1209,1000,1000,evaluation,0.001,10,0.5874077191651014,0.3622580009734761,0.4809206470411473,0.07170367259254647,0.1269607229901617,0.0001,synthetic_heuristic,training_data_update,10,1350,retraining,1350,0.008195486650974661
135,2025-11-27 21:31:34.228700,generation,9.7659,6607,random,prediction,9.0637,6607,0.5183733105659485,0.3421766757965088,0.4238464419214235,0.027838584971788923,0.0014,selection,10,1000,307,307,307,15,4,949,53,1021,307,2922,1789,2154,1218,1000,1000,evaluation,0.0,10,0.5718587449022017,0.2705467287886806,0.4472836996967645,0.08106956031479326,0.15993475678909,0.0,synthetic_heuristic,training_data_update,10,1360,retraining,1360,0.008196077112327603
136,2025-11-27 21:33:14.085687,generation,15.1196,6548,random,prediction,8.97,6548,0.5093797445297241,0.3367805480957031,0.4224802995682054,0.02757234112273581,0.0014,selection,10,1000,309,309,309,14,4,949,40,1007,309,2876,1785,2161,1227,1000,1000,evaluation,0.0,10,0.5454739753473805,0.333237628187763,0.4304134567572547,0.058558076770598745,0.16426794487523574,0.0,synthetic_heuristic,training_data_update,10,1370,retraining,1370,0.008153235364406214
137,2025-11-27 21:34:51.453515,generation,11.4347,6548,random,prediction,8.9361,6548,0.5102318525314331,0.3363695740699768,0.4226027427966011,0.027013901765902126,0.0014,selection,10,1000,310,310,310,8,3,967,26,1004,310,2836,1811,2161,1242,1000,1000,evaluation,0.0,10,0.4697740380234838,0.2968644033300343,0.3929403735280796,0.06104565642247006,0.2004698428089516,0.0,synthetic_heuristic,training_data_update,10,1380,retraining,1380,0.00816750271866719
138,2025-11-27 21:36:28.876969,generation,11.8005,6574,random,prediction,8.9082,6574,0.515377938747406,0.3388602137565613,0.4231072777186914,0.026835257885058094,0.0014,selection,10,1000,307,307,307,5,3,976,14,998,307,2788,1826,2148,1250,1000,1000,evaluation,0.0,10,0.5266000284259467,0.2636509494937127,0.39534537676550585,0.0737046075381896,0.202438316961833,0.0,synthetic_heuristic,training_data_update,10,1390,retraining,1390,0.00813597682327461
139,2025-11-27 21:38:08.625206,generation,13.47,6667,random,prediction,9.0398,6667,0.5067934393882751,0.3368360102176666,0.42347123179189694,0.026681050630602023,0.0014,selection,10,1000,309,309,309,4,1,982,5,992,309,2752,1842,2146,1254,1000,1000,evaluation,0.0,10,0.5748527842332078,0.33248436692312966,0.4367083057459145,0.07550923535036623,0.16528656693607038,0.0,synthetic_heuristic,training_data_update,10,1400,retraining,1400,0.008129939404981476
140,2025-11-27 21:39:49.166961,generation,12.5471,6600,random,prediction,8.963,6600,0.533568799495697,0.34023162722587585,0.4234972697360949,0.026020353822434516,0.0014,selection,10,1000,310,310,310,4,1,982,5,992,310,2743,1853,2138,1274,1000,1000,evaluation,0.001,10,0.5827216434257074,0.37955152161340533,0.45921087523619286,0.06351082872937193,0.13901369757326912,0.0001,synthetic_heuristic,training_data_update,10,1410,retraining,1410,0.008099536188211002
141,2025-11-27 21:41:28.371484,generation,11.1981,6588,random,prediction,8.9281,6588,0.5260940790176392,0.34337082505226135,0.4234500023483796,0.027413816027496183,0.0014,selection,10,1000,308,308,308,4,1,981,5,991,308,2734,1855,2119,1268,1000,1000,evaluation,0.0,10,0.5617518387438267,0.27198472484347586,0.37355575543683717,0.08822771455951382,0.22714733463830344,0.0,synthetic_heuristic,training_data_update,10,1420,retraining,1420,0.008133929569116781
142,2025-11-27 21:43:10.662921,generation,10.6655,6568,random,prediction,9.0229,6568,0.5271618366241455,0.3413048982620239,0.4229636420830449,0.026908943415517136,0.0014,selection,10,1000,311,311,311,6,1,973,6,986,311,2717,1862,2107,1269,1000,1000,evaluation,0.0,10,0.5747695611074946,0.2817445493005419,0.429666045603282,0.08171330203877555,0.17335057674145712,0.0,synthetic_heuristic,training_data_update,10,1430,retraining,1430,0.00810144247904003
143,2025-11-27 21:45:03.560128,generation,16.8602,6610,random,prediction,9.5694,6610,0.5229259729385376,0.33871373534202576,0.42375805774723346,0.026498017728809636,0.0014,selection,10,1000,314,314,314,6,2,965,7,980,314,2706,1861,2098,1270,1000,1000,evaluation,0.0,10,0.5722237153558303,0.30371456839869626,0.4045268468991625,0.08517765630614493,0.19692481820612523,0.0,synthetic_heuristic,training_data_update,10,1440,retraining,1440,0.00812624407828682
144,2025-11-27 21:46:47.049366,generation,13.4101,6547,random,prediction,9.0348,6547,0.5161839127540588,0.3405759334564209,0.42225913732802395,0.026536634301330287,0.0014,selection,10,1000,309,309,309,10,2,953,10,975,309,2680,1861,2093,1277,1000,1000,evaluation,0.0,10,0.5792818276238976,0.2808103528141742,0.41208641637079974,0.102779166756979,0.19864653448801747,0.0,synthetic_heuristic,training_data_update,10,1450,retraining,1450,0.008149886654111847
145,2025-11-27 21:48:33.034923,generation,15.4388,6597,random,prediction,9.0218,6597,0.5168171525001526,0.3441665470600128,0.4238763588729258,0.027105875121173025,0.0014,selection,10,1000,295,295,295,19,7,916,29,971,295,2638,1868,2162,1309,1000,1000,evaluation,0.0,10,0.5990601292215081,0.3331064994419802,0.4986073789329725,0.08140395792027154,0.11656094199105732,0.0,synthetic_heuristic,training_data_update,10,1460,retraining,1460,0.008164275412077773
146,2025-11-27 21:50:17.016424,generation,12.7339,6577,random,prediction,9.1375,6577,0.5067114233970642,0.3392210900783539,0.4228405831603995,0.026031382908394435,0.0014,selection,10,1000,294,294,294,19,7,916,29,971,294,2620,1884,2157,1327,1000,1000,evaluation,0.0,10,0.5683135812075886,0.3180987335728416,0.4564493987048204,0.07820407073793795,0.14743351968018237,0.0,synthetic_heuristic,training_data_update,10,1470,retraining,1470,0.00815224582709524
147,2025-11-27 21:52:02.205436,generation,13.7613,6559,random,prediction,8.992,6559,0.5058993101119995,0.33896756172180176,0.42285202242539666,0.02575911072199164,0.0014,selection,10,1000,296,296,296,19,7,916,29,971,296,2606,1902,2153,1343,1000,1000,evaluation,0.0,10,0.5877024492642136,0.3319064432487332,0.47738660114750076,0.0867907128074087,0.13549232057853952,0.0,synthetic_heuristic,training_data_update,10,1480,retraining,1480,0.008164201072744421
148,2025-11-27 21:53:49.419705,generation,15.3869,6537,random,prediction,8.9431,6537,0.5090259313583374,0.338640421628952,0.4229244111290725,0.026261048622145754,0.0014,selection,10,1000,300,300,300,19,7,916,29,971,300,2620,1896,2122,1343,1000,1000,evaluation,0.001,10,0.4850001754160957,0.36962547947663543,0.42651496727837196,0.03845806407116788,0.1595167867975812,0.0001,synthetic_heuristic,training_data_update,10,1490,retraining,1490,0.008121987092214943
149,2025-11-27 21:55:33.074496,generation,11.6489,6532,random,prediction,8.9979,6532,0.5055413246154785,0.34465423226356506,0.42163590405681567,0.026114394801809142,0.0014,selection,10,1000,299,299,299,19,7,916,29,971,299,2608,1906,2112,1346,1000,1000,evaluation,0.001,10,0.5846171216188056,0.30870506069517045,0.4350288860534647,0.0812262526588219,0.1671002979804929,0.0001,synthetic_heuristic,training_data_update,10,1500,retraining,1500,0.008086171987156074
150,2025-11-27 21:57:21.131091,generation,14.5072,6664,random,prediction,9.2263,6664,0.5075811743736267,0.33995386958122253,0.42180586206007836,0.027281551903454777,0.0014,selection,10,1000,292,292,292,22,9,901,36,968,292,2589,1904,2118,1360,1000,1000,evaluation,0.0,10,0.5445834547854409,0.33184905627302774,0.4395512716937091,0.06830109343945208,0.15712888808518613,0.0,synthetic_heuristic,training_data_update,10,1510,retraining,1510,0.008074042055484475
151,2025-11-27 21:59:08.324418,generation,13.1479,6644,random,prediction,9.2532,6644,0.5110854506492615,0.34025049209594727,0.42212745843792737,0.026564282345801788,0.0014,selection,10,1000,293,293,293,25,9,893,36,963,293,2570,1907,2114,1369,1000,1000,evaluation,0.0,10,0.5963980090099923,0.32055763473555743,0.4853629815044755,0.07851606006067907,0.12368389345299115,0.0,synthetic_heuristic,training_data_update,10,1520,retraining,1520,0.008079877231074006
152,2025-11-27 22:00:58.057004,generation,15.5525,6646,random,prediction,9.0797,6646,0.5244450569152832,0.3375389277935028,0.4230570067510596,0.02700165616129722,0.0014,selection,10,1000,300,300,300,20,7,907,30,964,300,2573,1922,2095,1380,1000,1000,evaluation,0.0,10,0.5691595410043746,0.3202119823229427,0.42520435849775334,0.0662402976739971,0.16878225530106367,0.0,synthetic_heuristic,training_data_update,10,1530,retraining,1530,0.008100648163483035
153,2025-11-27 22:02:48.502853,generation,15.1854,6627,random,prediction,9.0967,6627,0.5100606083869934,0.34284716844558716,0.42350014240579475,0.026041288711183375,0.0014,selection,10,1000,294,294,294,28,10,877,39,954,294,2542,1909,2131,1392,1000,1000,evaluation,0.0,10,0.5758578082851642,0.31716567952426045,0.4573896048305344,0.0958147776285867,0.1559586948250708,0.0,synthetic_heuristic,training_data_update,10,1540,retraining,1540,0.008037587947079114
154,2025-11-27 22:04:39.572812,generation,15.6123,6578,random,prediction,9.0488,6578,0.5098774433135986,0.3325537145137787,0.4232201457938803,0.027444650811309312,0.0014,selection,10,1000,293,293,293,28,10,877,39,954,293,2527,1922,2122,1397,1000,1000,evaluation,0.0,10,0.5853257467514132,0.3165315400097563,0.4183323381649828,0.09304494324628264,0.18676771691424737,0.0,synthetic_heuristic,training_data_update,10,1550,retraining,1550,0.008072895571108787
155,2025-11-27 22:06:29.942137,generation,14.1482,6543,random,prediction,9.1694,6543,0.5080234408378601,0.33989858627319336,0.4229425377807868,0.02660172771609544,0.0014,selection,10,1000,292,292,292,29,13,869,39,950,292,2507,1924,2112,1401,1000,1000,evaluation,0.0,10,0.5544402001989605,0.27188631556460585,0.4468212643751316,0.08798070185970557,0.15961183151541,0.0,synthetic_heuristic,training_data_update,10,1560,retraining,1560,0.008088376332456486
156,2025-11-27 22:08:23.745783,generation,16.2486,6606,random,prediction,9.2313,6606,0.5057247877120972,0.33314254879951477,0.4216407271242488,0.027250196299608398,0.0014,selection,10,1000,290,290,290,29,13,869,39,950,290,2488,1939,2101,1419,1000,1000,evaluation,0.0,10,0.545630056033609,0.35234654561216694,0.45643839901456235,0.06549911825055316,0.13984438033496027,0.0,synthetic_heuristic,training_data_update,10,1570,retraining,1570,0.00803137668141514
157,2025-11-27 22:10:17.197373,generation,15.364,6560,random,prediction,9.1405,6560,0.5222228765487671,0.3375605046749115,0.4223948479153034,0.026883037050478446,0.0014,selection,10,1000,291,291,291,33,13,851,47,944,291,2477,1938,2103,1429,1000,1000,evaluation,0.0,10,0.559951441114324,0.31620764024856884,0.4008221663728331,0.07479387706346181,0.19415753422650944,0.0,synthetic_heuristic,training_data_update,10,1580,retraining,1580,0.008086190984549024
158,2025-11-27 22:12:23.983771,generation,14.9221,6583,random,prediction,9.0996,6583,0.5094491243362427,0.3357551097869873,0.4231815636837064,0.027135086926259357,0.0014,selection,10,1000,300,300,300,33,13,840,50,936,300,2463,1949,2102,1439,1000,1000,evaluation,0.0,10,0.5127523735262127,0.2886474953436773,0.417949853852427,0.06956789835807585,0.17632111071505072,0.0,synthetic_heuristic,training_data_update,10,1590,retraining,1590,0.008032693989785775
159,2025-11-27 22:14:44.523889,generation,18.3888,6602,random,prediction,10.1489,6602,0.5282400250434875,0.3373314142227173,0.4224762473231697,0.027293026329559506,0.0015,selection,10,1000,286,286,286,35,19,828,58,940,286,2454,1942,2123,1435,1000,1000,evaluation,0.0,10,0.5816574376989021,0.31474632752967474,0.4459042554058607,0.07874389802982897,0.15499864745892145,0.0,synthetic_heuristic,training_data_update,10,1600,retraining,1600,0.008007641285657882
160,2025-11-27 22:16:41.016346,generation,16.8819,6559,random,prediction,10.2207,6559,0.5077863931655884,0.3374575078487396,0.42223977894476955,0.02650081791151352,0.0016,selection,10,1000,284,284,284,35,19,828,58,940,284,2444,1948,2113,1438,1000,1000,evaluation,0.0,10,0.5595589339754266,0.311257259490608,0.42012265497067736,0.07360773095267184,0.17547304486324913,0.0,synthetic_heuristic,training_data_update,10,1610,retraining,1610,0.007981231272428857
161,2025-11-27 22:18:34.766926,generation,14.0145,6561,random,prediction,9.1286,6561,0.512657105922699,0.3468584418296814,0.4229506556761735,0.02698930252920428,0.0014,selection,10,1000,279,279,279,36,16,844,53,949,279,2432,1974,2087,1481,1000,1000,evaluation,0.0,10,0.5603725422730055,0.33915845285940927,0.42226588314847413,0.07409738019496002,0.17371496143219073,0.0,synthetic_heuristic,training_data_update,10,1620,retraining,1620,0.007990763101864744
162,2025-11-27 22:20:28.588526,generation,14.968,6583,random,prediction,9.1206,6583,0.5105035305023193,0.3422521948814392,0.42237779804589304,0.027090980090961822,0.0014,selection,10,1000,269,269,269,50,26,785,71,932,269,2356,1973,2134,1492,1000,1000,evaluation,0.0,10,0.6119565109099008,0.2848019633846851,0.43618189032579907,0.09252069279684735,0.1703199328741783,0.0,synthetic_heuristic,training_data_update,10,1630,retraining,1630,0.00797858470022404
163,2025-11-27 22:22:21.917444,generation,13.6755,6546,random,prediction,8.961,6546,0.5458751320838928,0.33818504214286804,0.4234048944527754,0.026463636047375963,0.0014,selection,10,1000,267,267,267,48,24,773,82,927,267,2354,1971,2127,1476,1000,1000,evaluation,0.0,10,0.6043709123032912,0.26209939898955126,0.4252230951267051,0.10886020327058694,0.18855672928547654,0.0,synthetic_heuristic,training_data_update,10,1640,retraining,1640,0.008008989571343834
164,2025-11-27 22:24:15.553455,generation,13.8899,6635,random,prediction,9.0697,6635,0.5410729646682739,0.3353215157985687,0.4232344830898567,0.026576274613827958,0.0014,selection,10,1000,264,264,264,48,24,765,84,921,264,2334,1969,2127,1474,1000,1000,evaluation,0.0,10,0.5211342526717905,0.28467665456042324,0.4071975663516752,0.08102990263088465,0.19011631546109536,0.0,synthetic_heuristic,training_data_update,10,1650,retraining,1650,0.007995506971510071
165,2025-11-27 22:26:10.214129,generation,13.1632,6586,random,prediction,9.0089,6586,0.530606210231781,0.3380463421344757,0.42363216248537466,0.02630430507955514,0.0014,selection,10,1000,259,259,259,48,24,769,82,923,259,2324,1973,2095,1475,1000,1000,evaluation,0.0,10,0.5655563424170604,0.31182532078696557,0.4073166899075691,0.07852374432550639,0.1882894199186481,0.0,synthetic_heuristic,training_data_update,10,1660,retraining,1660,0.00798907157437629
166,2025-11-27 22:28:05.242503,generation,14.3267,6577,random,prediction,8.9999,6577,0.5066827535629272,0.33933767676353455,0.4226430412599956,0.026657704616920436,0.0014,selection,10,1000,256,256,256,49,24,763,84,920,256,2304,1979,2095,1487,1000,1000,evaluation,0.0,10,0.5385316107620524,0.34770281712464113,0.4462245549995372,0.05694258703272406,0.14384222347869355,0.0,synthetic_heuristic,training_data_update,10,1670,retraining,1670,0.007991547333801578
167,2025-11-27 22:30:01.747975,generation,14.8413,6530,random,prediction,8.9779,6530,0.509693443775177,0.33936965465545654,0.421551974658579,0.02616227823515589,0.0014,selection,10,1000,255,255,255,49,25,754,87,915,255,2289,1979,2095,1495,1000,1000,evaluation,0.0,10,0.5447940549412893,0.3060417012118444,0.407100446500548,0.08237129683938534,0.18999938616618392,0.0,synthetic_heuristic,training_data_update,10,1680,retraining,1680,0.00796541299316145
168,2025-11-27 22:31:57.455531,generation,13.6585,6549,random,prediction,8.9281,6549,0.5046653151512146,0.3392017185688019,0.4219853498177012,0.02601906781447289,0.0014,selection,10,1000,252,252,252,49,26,747,89,911,252,2268,1983,2092,1508,1000,1000,evaluation,0.0,10,0.610653656491833,0.34093296110426724,0.4785356837882807,0.08623785925424103,0.13143152576564668,0.0,synthetic_heuristic,training_data_update,10,1690,retraining,1690,0.007982061676592869
169,2025-11-27 22:33:55.269779,generation,14.948,6576,random,prediction,8.9461,6576,0.5081997513771057,0.33427315950393677,0.42225199176900435,0.026774142046973034,0.0014,selection,10,1000,257,257,257,55,31,728,97,911,257,2268,1990,2123,1536,1000,1000,evaluation,0.001,10,0.5850128119993966,0.2897335629444688,0.44075159535087866,0.091690963521659,0.16482484662301647,0.0001,synthetic_heuristic,training_data_update,10,1700,retraining,1700,0.007982048714423881
170,2025-11-27 22:35:55.334683,generation,14.3696,6553,random,prediction,9.0029,6553,0.5258755087852478,0.3312772512435913,0.4217166068825706,0.027573893564443144,0.0014,selection,10,1000,263,263,263,62,31,723,94,910,263,2270,1987,2100,1533,1000,1000,evaluation,0.0,10,0.5801083058841064,0.27105028752065535,0.42787131749327256,0.1095022490771623,0.1855936179097617,0.0,synthetic_heuristic,training_data_update,10,1710,retraining,1710,0.007987814357950847
171,2025-11-27 22:37:54.346369,generation,15.0109,6542,random,prediction,9.0158,6542,0.5063489675521851,0.34006115794181824,0.42165681494736446,0.026659715763578402,0.0014,selection,10,1000,261,261,261,64,31,714,98,907,261,2257,1989,2103,1539,1000,1000,evaluation,0.0,10,0.5362760633031589,0.3252550002613719,0.4161538398512346,0.05899466141859654,0.17185503021790083,0.0,synthetic_heuristic,training_data_update,10,1720,retraining,1720,0.007984112924354714
172,2025-11-27 22:39:56.018933,generation,14.6648,6584,random,prediction,9.1475,6584,0.5156413912773132,0.34064701199531555,0.4228208797416884,0.02646536728938056,0.0014,selection,10,1000,270,270,270,63,35,714,95,907,270,2259,1999,2081,1535,1000,1000,evaluation,0.0,10,0.5113394244681427,0.3215624980201328,0.4054684918197843,0.07391746346670519,0.1872831365217967,0.0,synthetic_heuristic,training_data_update,10,1730,retraining,1730,0.007997787591457538
173,2025-11-27 22:41:56.062552,generation,12.7509,6506,random,prediction,8.9909,6506,0.5244535803794861,0.3388984799385071,0.42168534226667465,0.02603480575953007,0.0014,selection,10,1000,270,270,270,63,36,704,96,899,270,2235,1999,2076,1542,1000,1000,evaluation,0.0,10,0.5778615556982771,0.3512993324176966,0.46297481323347467,0.06382797205023594,0.1311522337371337,0.0,synthetic_heuristic,training_data_update,10,1740,retraining,1740,0.00797265897901065
174,2025-11-27 22:43:57.889741,generation,15.8507,6608,random,prediction,9.0438,6608,0.5128396153450012,0.3364723324775696,0.42279742599507797,0.026662924183683757,0.0014,selection,10,1000,268,268,268,68,36,696,99,899,268,2226,2002,2073,1539,1000,1000,evaluation,0.0,10,0.5883202363637136,0.30654737088384665,0.41645486829439415,0.08897521595047785,0.1834233315896062,0.0,synthetic_heuristic,training_data_update,10,1750,retraining,1750,0.007997333554817097
175,2025-11-27 22:46:00.673373,generation,15.8028,6541,random,prediction,8.969,6541,0.5096515417098999,0.3401561975479126,0.4221312708673155,0.02615085518884912,0.0014,selection,10,1000,266,266,266,69,36,688,102,895,266,2211,2003,2070,1553,1000,1000,evaluation,0.001,10,0.5494645635054385,0.30306774056388763,0.40535112742117557,0.07633767622100276,0.1874986546774738,0.0001,synthetic_heuristic,training_data_update,10,1760,retraining,1760,0.007936061453074216
176,2025-11-27 22:48:02.541454,generation,14.3158,6493,random,prediction,8.8992,6493,0.5066658854484558,0.3352932035923004,0.42233255756171223,0.027021299407715353,0.0014,selection,10,1000,267,267,267,69,36,688,102,895,267,2203,2013,2065,1558,1000,1000,evaluation,0.0,10,0.582854907765582,0.31117758338505286,0.44406113906248657,0.09268766348296471,0.1617098836242532,0.0,synthetic_heuristic,training_data_update,10,1770,retraining,1770,0.007945963028439525
177,2025-11-27 22:50:05.967369,generation,14.8234,6542,random,prediction,9.4238,6542,0.5261009335517883,0.3435135781764984,0.4218056010420043,0.026281869055445908,0.0014,selection,10,1000,265,265,265,69,36,686,102,893,265,2195,2011,2050,1563,1000,1000,evaluation,0.0,10,0.5731271202017563,0.3132028356091932,0.4481620006204435,0.10026952439778711,0.1628720724646511,0.0,synthetic_heuristic,training_data_update,10,1780,retraining,1780,0.00799802052422186
178,2025-11-27 22:52:06.935744,generation,13.6465,6601,random,prediction,9.1775,6601,0.5100178718566895,0.3396776020526886,0.4233021612484118,0.026507564299611458,0.0014,selection,10,1000,275,275,275,66,41,662,115,884,275,2174,2036,2068,1577,1000,1000,evaluation,0.0,10,0.5659908285576616,0.37509108355924364,0.4621582338106762,0.06892392838074958,0.13351758748321763,0.0,synthetic_heuristic,training_data_update,10,1790,retraining,1790,0.007939531351829874
179,2025-11-27 22:54:11.828325,generation,15.2155,6555,random,prediction,9.2193,6555,0.5216065049171448,0.3418177366256714,0.4230172774020631,0.02682310624554399,0.0014,selection,10,1000,267,267,267,74,39,662,110,885,267,2140,2046,2052,1581,1000,1000,evaluation,0.001,10,0.6064825813000394,0.2725209912705862,0.4080509345372688,0.11912409027824644,0.2063229080878973,0.0001,synthetic_heuristic,training_data_update,10,1800,retraining,1800,0.00797887533903122
180,2025-11-27 22:56:16.156824,generation,14.3108,6566,random,prediction,9.0987,6566,0.5133641958236694,0.3411124348640442,0.42320468019611257,0.02638844535983581,0.0014,selection,10,1000,267,267,267,76,39,653,111,879,267,2113,2054,2046,1586,1000,1000,evaluation,0.0,10,0.5966500763800905,0.3646241532294217,0.47578862748896766,0.08272070833007564,0.130336337766498,0.0,synthetic_heuristic,training_data_update,10,1810,retraining,1810,0.008005191264313887
181,2025-11-27 22:58:21.708489,generation,14.7422,6601,random,prediction,9.2382,6601,0.5050799250602722,0.33698898553848267,0.4224704616522359,0.02673473329559681,0.0014,selection,10,1000,270,270,270,76,39,653,111,879,270,2110,2063,2033,1598,1000,1000,evaluation,0.0,10,0.559160336921452,0.3108916275332581,0.45760341081413225,0.09154840165429881,0.15006647322370686,0.0,synthetic_heuristic,training_data_update,10,1820,retraining,1820,0.008002732909069612
182,2025-11-27 23:00:28.522342,generation,15.2034,6636,random,prediction,9.2433,6636,0.5109500885009766,0.34484657645225525,0.4235371086137923,0.026724297908243575,0.0014,selection,10,1000,267,267,267,77,43,637,117,874,267,2102,2051,2045,1608,1000,1000,evaluation,0.001,10,0.587121509141787,0.2859685465056115,0.3985535554346172,0.10021552076995952,0.20414243866086257,0.0001,synthetic_heuristic,training_data_update,10,1830,retraining,1830,0.008034304943179986
183,2025-11-27 23:02:32.625802,generation,12.5379,6557,random,prediction,9.0787,6557,0.5036373734474182,0.3417380452156067,0.4234623943039497,0.02562205141406793,0.0014,selection,10,1000,269,269,269,80,44,628,118,870,269,2087,2055,2049,1617,1000,1000,evaluation,0.0,10,0.5663669321436001,0.3051632762444971,0.41126667345980855,0.08542675618736169,0.1858051870492642,0.0,synthetic_heuristic,training_data_update,10,1840,retraining,1840,0.008014831015759187
184,2025-11-27 23:04:39.539581,generation,14.192,6595,random,prediction,9.1714,6595,0.5136091113090515,0.3366302251815796,0.4223809602361814,0.027660518612349447,0.0014,selection,10,1000,267,267,267,77,39,651,120,887,267,2108,2091,2019,1646,1000,1000,evaluation,0.001,10,0.5776688135735814,0.3138144669960681,0.4293385118341531,0.08646704324032091,0.17048512970191257,0.0001,synthetic_heuristic,training_data_update,10,1850,retraining,1850,0.00801527900419928
185,2025-11-27 23:06:44.071535,generation,11.6369,6534,random,prediction,9.0019,6534,0.5264152884483337,0.3416678011417389,0.42294920524818874,0.02670924115770703,0.0014,selection,10,1000,270,270,270,79,38,646,119,882,270,2075,2113,2020,1658,1000,1000,evaluation,0.0,10,0.5638316836401788,0.33570123123990003,0.456005988029289,0.07126010334755961,0.13976844721765042,0.0,synthetic_heuristic,training_data_update,10,1860,retraining,1860,0.008013268327841194
186,2025-11-27 23:08:52.632719,generation,14.9869,6587,random,prediction,9.1694,6587,0.5125014185905457,0.3438745141029358,0.4232025690138096,0.025778260723700288,0.0014,selection,10,1000,271,271,271,79,38,645,119,881,271,2069,2118,2008,1662,1000,1000,evaluation,0.001,10,0.5251297544930291,0.3091783794525903,0.4023976575834597,0.07752797830737175,0.1901409147755424,0.0001,synthetic_heuristic,training_data_update,10,1870,retraining,1870,0.007987963319581778
187,2025-11-27 23:10:59.782924,generation,13.5122,6684,random,prediction,9.2213,6684,0.5321487188339233,0.3398953080177307,0.4215625194350022,0.02669340556224939,0.0014,selection,10,1000,269,269,269,79,38,643,119,879,269,2048,2129,1993,1673,1000,1000,evaluation,0.0,10,0.5995389226380989,0.3020917137675479,0.4329810014061999,0.09147829868105345,0.16972828381608726,0.0,synthetic_heuristic,training_data_update,10,1880,retraining,1880,0.008002847389496387
188,2025-11-27 23:13:08.819832,generation,14.3507,6534,random,prediction,9.0827,6534,0.5309168696403503,0.34142598509788513,0.4229854407945758,0.027025924156536218,0.0014,selection,10,1000,269,269,269,83,39,622,127,871,269,2030,2126,2011,1681,1000,1000,evaluation,0.0,10,0.5731415324534213,0.3273006299126753,0.4490373012246115,0.09199468232375578,0.1567264819363919,0.0,synthetic_heuristic,training_data_update,10,1890,retraining,1890,0.0079947214006944
189,2025-11-27 23:15:17.076826,generation,13.6754,6547,random,prediction,9.0478,6547,0.5221886038780212,0.3393949270248413,0.42290137531339655,0.026908007600280674,0.0014,selection,10,1000,259,259,259,85,39,613,133,870,259,2012,2125,2005,1692,1000,1000,evaluation,0.0,10,0.5348132931218881,0.32849866018033247,0.4453523488577845,0.062108809856702044,0.14283633111781616,0.0,synthetic_heuristic,training_data_update,10,1900,retraining,1900,0.0079984545344977
190,2025-11-27 23:17:26.909607,generation,15.3061,6543,random,prediction,9.1076,6543,0.5217889547348022,0.34198200702667236,0.42264668296623464,0.02624810350304671,0.0014,selection,10,1000,256,256,256,88,40,604,134,866,256,1991,2125,1997,1694,1000,1000,evaluation,0.001,10,0.559804140804113,0.25830948427873973,0.4891805525751237,0.08216221153615152,0.11807344469046008,0.0001,synthetic_heuristic,training_data_update,10,1910,retraining,1910,0.007993192942471717
191,2025-11-27 23:19:38.755003,generation,15.1772,6556,random,prediction,9.1874,6556,0.507300078868866,0.3339790999889374,0.42350046157091403,0.02778355632470905,0.0014,selection,10,1000,256,256,256,87,42,596,135,860,256,1967,2131,1993,1708,1000,1000,evaluation,0.001,10,0.5575767229676392,0.2622923601192016,0.39562693946226873,0.08744486332689518,0.198256214308028,0.0001,synthetic_heuristic,training_data_update,10,1920,retraining,1920,0.007996603435215851
192,2025-11-27 23:21:50.004993,generation,15.1226,6459,random,prediction,8.966,6459,0.523221492767334,0.34046685695648193,0.42309662423316197,0.02607672157081381,0.0014,selection,10,1000,256,256,256,91,42,590,137,860,256,1962,2134,1990,1715,1000,1000,evaluation,0.0,10,0.5451189778694618,0.2852520263480841,0.4004989796677333,0.07038950126320324,0.18682500174134525,0.0,synthetic_heuristic,training_data_update,10,1930,retraining,1930,0.007979293515992598
193,2025-11-27 23:24:01.978470,generation,15.0442,6572,random,prediction,8.992,6572,0.5132032632827759,0.33676081895828247,0.4231496774526319,0.027211859920383847,0.0014,selection,10,1000,253,253,253,93,43,583,139,858,253,1946,2137,1985,1732,1000,1000,evaluation,0.0,10,0.481224973092524,0.2971576211581904,0.40555246269218215,0.07093195395034262,0.1820044073551885,0.0,synthetic_heuristic,training_data_update,10,1940,retraining,1940,0.007989575239570485
194,2025-11-27 23:26:12.583187,generation,13.1618,6623,random,prediction,9.1166,6623,0.5107260942459106,0.3416917026042938,0.4232201113516194,0.02591408662559048,0.0014,selection,10,1000,256,256,256,96,45,573,138,852,256,1934,2131,1980,1738,1000,1000,evaluation,0.0,10,0.5563191521955719,0.3195532638839439,0.45844319288274926,0.07520572106146886,0.13717579425627027,0.0,synthetic_heuristic,training_data_update,10,1950,retraining,1950,0.00795902776842316
195,2025-11-27 23:28:26.455454,generation,15.1096,6612,random,prediction,9.2921,6612,0.535914421081543,0.3388984501361847,0.42245929972626406,0.026557771958607305,0.0014,selection,10,1000,253,253,253,98,45,564,142,849,253,1922,2130,1973,1748,1000,1000,evaluation,0.0,10,0.5232503114322462,0.3116474852237471,0.42127698928656265,0.08329224263888617,0.1732277025293203,0.0,synthetic_heuristic,training_data_update,10,1960,retraining,1960,0.007941620979382067
196,2025-11-27 23:30:38.560158,generation,13.5638,6538,random,prediction,9.0877,6538,0.5353420972824097,0.33617839217185974,0.4229669266153308,0.02662398649914864,0.0014,selection,10,1000,255,255,255,98,45,557,149,849,255,1917,2146,1972,1766,1000,1000,evaluation,0.0,10,0.6207947196698479,0.3398660110688302,0.4929991073656691,0.08666530229352777,0.11616933799870531,0.0,synthetic_heuristic,training_data_update,10,1970,retraining,1970,0.00797262422286617
197,2025-11-27 23:32:50.863333,generation,13.6765,6467,random,prediction,8.961,6467,0.5106439590454102,0.3409375846385956,0.42251797335417357,0.02707608202526036,0.0014,selection,10,1000,252,252,252,100,46,548,152,846,252,1904,2144,1974,1781,1000,1000,evaluation,0.001,10,0.5460961837404912,0.3160143847438713,0.4550033052818924,0.07716456211116954,0.13526873407096746,0.0001,synthetic_heuristic,training_data_update,10,1980,retraining,1980,0.007985463769485553
198,2025-11-27 23:35:08.375573,generation,15.7988,6523,random,prediction,9.1555,6523,0.5083654522895813,0.3389682173728943,0.42228517418768113,0.026145169038165408,0.0014,selection,10,1000,248,248,248,102,48,540,154,844,248,1885,2147,1970,1793,1000,1000,evaluation,0.0,10,0.5630948353802967,0.26383715620581416,0.458050590633741,0.10466695762026317,0.14938451782765524,0.0,synthetic_heuristic,training_data_update,10,1990,retraining,1990,0.007970790692310237
199,2025-11-27 23:37:21.621279,generation,13.9148,6486,random,prediction,8.974,6486,0.5127379894256592,0.3452858626842499,0.4230831351787118,0.02670243011929168,0.0014,selection,10,1000,247,247,247,108,46,528,162,844,247,1883,2151,1977,1804,1000,1000,evaluation,0.0,10,0.5759604711453452,0.27535582047564156,0.36362307345125405,0.08566970565143149,0.2185079119249699,0.0,synthetic_heuristic,training_data_update,10,2000,retraining,2000,0.008016288168728352
