graph_index,gnn_predicted_score,llm_actual_score,error,absolute_error,num_nodes,num_edges,evaluation_time
459,0.8662257194519043,1.0,0.1337742805480957,0.1337742805480957,9,9,0.009999999999999998
383,0.8520027995109558,1.0,0.1479972004890442,0.1479972004890442,9,9,0.009999999999999998
201,0.8270177245140076,1.0,0.17298227548599243,0.17298227548599243,9,9,0.009999999999999998
202,0.8262643814086914,1.0,0.1737356185913086,0.1737356185913086,9,9,0.009999999999999998
203,0.8262643814086914,1.0,0.1737356185913086,0.1737356185913086,9,9,0.009999999999999998
204,0.8254613280296326,1.0,0.17453867197036743,0.17453867197036743,9,9,0.009999999999999998
205,0.8254613280296326,1.0,0.17453867197036743,0.17453867197036743,9,9,0.009999999999999998
206,0.8226259350776672,1.0,0.17737406492233276,0.17737406492233276,9,9,0.009999999999999998
209,0.8221188187599182,1.0,0.1778811812400818,0.1778811812400818,9,9,0.009999999999999998
210,0.8213334679603577,1.0,0.17866653203964233,0.17866653203964233,9,9,0.009999999999999998
211,0.8213334679603577,1.0,0.17866653203964233,0.17866653203964233,9,9,0.009999999999999998
217,0.8191022276878357,1.0,0.1808977723121643,0.1808977723121643,9,9,0.009999999999999998
218,0.818537175655365,1.0,0.181462824344635,0.181462824344635,8,8,0.009999999999999998
219,0.818537175655365,1.0,0.181462824344635,0.181462824344635,8,8,0.009999999999999998
226,0.8307873606681824,1.0,0.16921263933181763,0.16921263933181763,8,8,0.009999999999999998
227,0.8307873010635376,1.0,0.1692126989364624,0.1692126989364624,8,8,0.009999999999999998
382,0.8520027995109558,1.0,0.1479972004890442,0.1479972004890442,9,9,0.009999999999999998
198,0.810649573802948,1.0,0.189350426197052,0.189350426197052,9,9,0.009999999999999998
380,0.8537808060646057,1.0,0.1462191939353943,0.1462191939353943,9,9,0.009999999999999998
379,0.84056156873703,1.0,0.15943843126296997,0.15943843126296997,9,10,0.009999999999999998
378,0.84056156873703,1.0,0.15943843126296997,0.15943843126296997,9,10,0.009999999999999998
377,0.84056156873703,1.0,0.15943843126296997,0.15943843126296997,9,10,0.009999999999999998
376,0.84056156873703,1.0,0.15943843126296997,0.15943843126296997,9,10,0.009999999999999998
375,0.84056156873703,1.0,0.15943843126296997,0.15943843126296997,9,10,0.009999999999999998
374,0.84056156873703,1.0,0.15943843126296997,0.15943843126296997,9,10,0.009999999999999998
373,0.8405739068984985,1.0,0.15942609310150146,0.15942609310150146,9,10,0.009999999999999998
372,0.8405739068984985,1.0,0.15942609310150146,0.15942609310150146,9,10,0.009999999999999998
371,0.8405739068984985,1.0,0.15942609310150146,0.15942609310150146,9,10,0.009999999999999998
260,0.8281426429748535,1.0,0.17185735702514648,0.17185735702514648,8,8,0.009999999999999998
261,0.8281426429748535,1.0,0.17185735702514648,0.17185735702514648,8,8,0.009999999999999998
264,0.8278736472129822,1.0,0.17212635278701782,0.17212635278701782,9,9,0.009999999999999998
368,0.8424866795539856,1.0,0.1575133204460144,0.1575133204460144,9,10,0.009999999999999998
200,0.8270177245140076,1.0,0.17298227548599243,0.17298227548599243,9,9,0.009999999999999998
197,0.810649573802948,1.0,0.189350426197052,0.189350426197052,9,9,0.009999999999999998
366,0.8424866795539856,1.0,0.1575133204460144,0.1575133204460144,9,10,0.009999999999999998
158,0.7829706072807312,1.0,0.2170293927192688,0.2170293927192688,9,10,0.009999999999999998
138,0.7889963984489441,1.0,0.2110036015510559,0.2110036015510559,9,10,0.009999999999999998
139,0.7889963984489441,1.0,0.2110036015510559,0.2110036015510559,9,10,0.009999999999999998
140,0.7889963984489441,1.0,0.2110036015510559,0.2110036015510559,9,10,0.009999999999999998
146,0.7851949334144592,1.0,0.21480506658554077,0.21480506658554077,9,9,0.009999999999999998
147,0.7851949334144592,1.0,0.21480506658554077,0.21480506658554077,9,9,0.009999999999999998
148,0.783940315246582,1.0,0.21605968475341797,0.21605968475341797,9,10,0.009999999999999998
149,0.783940315246582,1.0,0.21605968475341797,0.21605968475341797,9,10,0.009999999999999998
150,0.783940315246582,1.0,0.21605968475341797,0.21605968475341797,9,10,0.009999999999999998
151,0.7837293148040771,1.0,0.21627068519592285,0.21627068519592285,8,9,0.009999999999999998
153,0.7833881378173828,1.0,0.2166118621826172,0.2166118621826172,8,9,0.009999999999999998
154,0.7833852171897888,1.0,0.21661478281021118,0.21661478281021118,9,9,0.009999999999999998
155,0.7833852171897888,1.0,0.21661478281021118,0.21661478281021118,9,9,0.009999999999999998
156,0.7829706072807312,1.0,0.2170293927192688,0.2170293927192688,9,10,0.009999999999999998
157,0.7829706072807312,1.0,0.2170293927192688,0.2170293927192688,9,10,0.009999999999999998
160,0.81294184923172,1.0,0.18705815076828003,0.18705815076828003,9,9,0.009999999999999998
393,0.851452648639679,1.0,0.14854735136032104,0.14854735136032104,8,8,0.009999999999999998
161,0.81294184923172,1.0,0.18705815076828003,0.18705815076828003,9,9,0.009999999999999998
162,0.8128558397293091,1.0,0.18714416027069092,0.18714416027069092,9,9,0.009999999999999998
163,0.8128558397293091,1.0,0.18714416027069092,0.18714416027069092,9,9,0.009999999999999998
165,0.8104623556137085,1.0,0.1895376443862915,0.1895376443862915,9,9,0.009999999999999998
166,0.8104623556137085,1.0,0.1895376443862915,0.1895376443862915,9,9,0.009999999999999998
174,0.8086400032043457,1.0,0.1913599967956543,0.1913599967956543,9,9,0.009999999999999998
175,0.8086400032043457,1.0,0.1913599967956543,0.1913599967956543,9,9,0.009999999999999998
353,0.8384222388267517,1.0,0.1615777611732483,0.1615777611732483,9,10,0.009999999999999998
178,0.808022141456604,1.0,0.191977858543396,0.191977858543396,9,9,0.009999999999999998
182,0.8135091662406921,1.0,0.18649083375930786,0.18649083375930786,9,9,0.009999999999999998
183,0.8135091662406921,1.0,0.18649083375930786,0.18649083375930786,9,9,0.009999999999999998
188,0.8122920393943787,1.0,0.18770796060562134,0.18770796060562134,9,9,0.009999999999999998
189,0.8122920393943787,1.0,0.18770796060562134,0.18770796060562134,9,9,0.009999999999999998
394,0.851452648639679,1.0,0.14854735136032104,0.14854735136032104,8,8,0.009999999999999998
367,0.8424866795539856,1.0,0.1575133204460144,0.1575133204460144,9,10,0.009999999999999998
269,0.8277746438980103,1.0,0.17222535610198975,0.17222535610198975,9,9,0.009999999999999998
135,0.7908364534378052,1.0,0.20916354656219482,0.20916354656219482,9,10,0.009999999999999998
336,0.8218454122543335,1.0,0.1781545877456665,0.1781545877456665,9,10,0.009999999999999998
322,0.8243580460548401,1.0,0.1756419539451599,0.1756419539451599,9,10,0.009999999999999998
323,0.8243580460548401,1.0,0.1756419539451599,0.1756419539451599,9,10,0.009999999999999998
324,0.8243580460548401,1.0,0.1756419539451599,0.1756419539451599,9,10,0.009999999999999998
325,0.8243580460548401,1.0,0.1756419539451599,0.1756419539451599,9,10,0.009999999999999998
326,0.8243580460548401,1.0,0.1756419539451599,0.1756419539451599,9,10,0.009999999999999998
327,0.8237510919570923,1.0,0.17624890804290771,0.17624890804290771,9,10,0.009999999999999998
328,0.8237510919570923,1.0,0.17624890804290771,0.17624890804290771,9,10,0.009999999999999998
329,0.8231120109558105,1.0,0.17688798904418945,0.17688798904418945,9,10,0.009999999999999998
330,0.8231120109558105,1.0,0.17688798904418945,0.17688798904418945,9,10,0.009999999999999998
331,0.8231120109558105,1.0,0.17688798904418945,0.17688798904418945,9,10,0.009999999999999998
332,0.8231120109558105,1.0,0.17688798904418945,0.17688798904418945,9,10,0.009999999999999998
333,0.8231120109558105,1.0,0.17688798904418945,0.17688798904418945,9,10,0.009999999999999998
334,0.8228543996810913,1.0,0.1771456003189087,0.1771456003189087,8,8,0.009999999999999998
335,0.8228543996810913,1.0,0.1771456003189087,0.1771456003189087,8,8,0.009999999999999998
337,0.8218454122543335,1.0,0.1781545877456665,0.1781545877456665,9,10,0.009999999999999998
320,0.8253342509269714,1.0,0.17466574907302856,0.17466574907302856,8,8,0.009999999999999998
338,0.8218454122543335,1.0,0.1781545877456665,0.1781545877456665,9,10,0.009999999999999998
339,0.8217106461524963,1.0,0.17828935384750366,0.17828935384750366,9,10,0.009999999999999998
340,0.841795027256012,1.0,0.15820497274398804,0.15820497274398804,9,9,0.009999999999999998
341,0.841795027256012,1.0,0.15820497274398804,0.15820497274398804,9,9,0.009999999999999998
342,0.8415870666503906,1.0,0.15841293334960938,0.15841293334960938,9,9,0.009999999999999998
343,0.8415870666503906,1.0,0.15841293334960938,0.15841293334960938,9,9,0.009999999999999998
344,0.8393304944038391,1.0,0.1606695055961609,0.1606695055961609,9,9,0.009999999999999998
345,0.8393304944038391,1.0,0.1606695055961609,0.1606695055961609,9,9,0.009999999999999998
346,0.8393263816833496,1.0,0.1606736183166504,0.1606736183166504,8,8,0.009999999999999998
347,0.8393263816833496,1.0,0.1606736183166504,0.1606736183166504,8,8,0.009999999999999998
348,0.8391849994659424,1.0,0.16081500053405762,0.16081500053405762,9,9,0.009999999999999998
349,0.8391849994659424,1.0,0.16081500053405762,0.16081500053405762,9,9,0.009999999999999998
350,0.8385989665985107,1.0,0.16140103340148926,0.16140103340148926,8,8,0.009999999999999998
351,0.8385989665985107,1.0,0.16140103340148926,0.16140103340148926,8,8,0.009999999999999998
321,0.8243580460548401,1.0,0.1756419539451599,0.1756419539451599,9,10,0.009999999999999998
319,0.8155031800270081,1.0,0.18449681997299194,0.18449681997299194,9,9,0.009999999999999998
270,0.8277746438980103,1.0,0.17222535610198975,0.17222535610198975,9,9,0.009999999999999998
293,0.8260165452957153,1.0,0.17398345470428467,0.17398345470428467,9,9,0.009999999999999998
365,0.8429034352302551,1.0,0.15709656476974487,0.15709656476974487,9,10,0.009999999999999998
364,0.8429034352302551,1.0,0.15709656476974487,0.15709656476974487,9,10,0.009999999999999998
273,0.8276880979537964,1.0,0.1723119020462036,0.1723119020462036,9,9,0.009999999999999998
274,0.8276880979537964,1.0,0.1723119020462036,0.1723119020462036,9,9,0.009999999999999998
275,0.8273727297782898,1.0,0.1726272702217102,0.1726272702217102,9,9,0.009999999999999998
276,0.8273727297782898,1.0,0.1726272702217102,0.1726272702217102,9,9,0.009999999999999998
363,0.8429034352302551,1.0,0.15709656476974487,0.15709656476974487,9,10,0.009999999999999998
362,0.843889594078064,1.0,0.15611040592193604,0.15611040592193604,9,10,0.009999999999999998
361,0.843889594078064,1.0,0.15611040592193604,0.15611040592193604,9,10,0.009999999999999998
360,0.843889594078064,1.0,0.15611040592193604,0.15611040592193604,9,10,0.009999999999999998
359,0.8381975889205933,1.0,0.16180241107940674,0.16180241107940674,9,10,0.009999999999999998
358,0.8381975889205933,1.0,0.16180241107940674,0.16180241107940674,9,10,0.009999999999999998
357,0.8381975889205933,1.0,0.16180241107940674,0.16180241107940674,9,10,0.009999999999999998
292,0.8260165452957153,1.0,0.17398345470428467,0.17398345470428467,9,9,0.009999999999999998
356,0.8384222388267517,1.0,0.1615777611732483,0.1615777611732483,9,10,0.009999999999999998
318,0.815871000289917,1.0,0.184128999710083,0.184128999710083,8,8,0.009999999999999998
295,0.8259966373443604,1.0,0.17400336265563965,0.17400336265563965,9,9,0.009999999999999998
296,0.8259966373443604,1.0,0.17400336265563965,0.17400336265563965,9,9,0.009999999999999998
298,0.8257726430892944,1.0,0.17422735691070557,0.17422735691070557,9,9,0.009999999999999998
299,0.8256959915161133,1.0,0.17430400848388672,0.17430400848388672,9,9,0.009999999999999998
300,0.8256959915161133,1.0,0.17430400848388672,0.17430400848388672,9,9,0.009999999999999998
302,0.8253902792930603,1.0,0.1746097207069397,0.1746097207069397,9,9,0.009999999999999998
303,0.8253432512283325,1.0,0.17465674877166748,0.17465674877166748,9,9,0.009999999999999998
304,0.8253432512283325,1.0,0.17465674877166748,0.17465674877166748,9,9,0.009999999999999998
355,0.8384222388267517,1.0,0.1615777611732483,0.1615777611732483,9,10,0.009999999999999998
354,0.8384222388267517,1.0,0.1615777611732483,0.1615777611732483,9,10,0.009999999999999998
310,0.8187414407730103,1.0,0.18125855922698975,0.18125855922698975,8,8,0.009999999999999998
311,0.8187414407730103,1.0,0.18125855922698975,0.18125855922698975,8,8,0.009999999999999998
314,0.8169788122177124,1.0,0.1830211877822876,0.1830211877822876,9,9,0.009999999999999998
317,0.815871000289917,1.0,0.184128999710083,0.184128999710083,8,8,0.009999999999999998
136,0.7908364534378052,1.0,0.20916354656219482,0.20916354656219482,9,10,0.009999999999999998
352,0.8384222388267517,1.0,0.1615777611732483,0.1615777611732483,9,10,0.009999999999999998
134,0.7908364534378052,1.0,0.20916354656219482,0.20916354656219482,9,10,0.009999999999999998
107,0.7487531900405884,1.0,0.2512468099594116,0.2512468099594116,8,9,0.009999999999999998
113,0.7404212355613708,1.0,0.25957876443862915,0.25957876443862915,9,9,0.009999999999999998
447,0.8666063547134399,1.0,0.13339364528656006,0.13339364528656006,8,8,0.009999999999999998
46,0.9746813229244802,1.0,0.025318677075519824,0.025318677075519824,9,10,0.009999999999999998
112,0.7404212355613708,1.0,0.25957876443862915,0.25957876443862915,9,9,0.009999999999999998
111,0.7462037801742554,1.0,0.25379621982574463,0.25379621982574463,9,10,0.009999999999999998
25,0.9857837878317485,1.0,0.01421621216825153,0.01421621216825153,9,9,0.009999999999999998
109,0.7462037801742554,1.0,0.25379621982574463,0.25379621982574463,9,10,0.009999999999999998
79,0.7649337649345398,1.0,0.2350662350654602,0.2350662350654602,8,9,0.009999999999999998
80,0.7649337649345398,1.0,0.2350662350654602,0.2350662350654602,8,9,0.009999999999999998
81,0.7649337649345398,1.0,0.2350662350654602,0.2350662350654602,8,9,0.009999999999999998
108,0.7482318878173828,1.0,0.2517681121826172,0.2517681121826172,9,9,0.009999999999999998
106,0.751420259475708,1.0,0.248579740524292,0.248579740524292,8,8,0.009999999999999998
417,0.8497535586357117,1.0,0.15024644136428833,0.15024644136428833,9,9,0.009999999999999998
105,0.75234055519104,1.0,0.24765944480895996,0.24765944480895996,8,8,0.009999999999999998
84,0.764744222164154,1.0,0.23525577783584595,0.23525577783584595,8,8,0.009999999999999998
85,0.7647441625595093,1.0,0.23525583744049072,0.23525583744049072,8,8,0.009999999999999998
104,0.75234055519104,1.0,0.24765944480895996,0.24765944480895996,8,8,0.009999999999999998
44,0.9752918518809001,1.0,0.024708148119099937,0.024708148119099937,9,9,0.009999999999999998
103,0.7523653507232666,1.0,0.2476346492767334,0.2476346492767334,8,8,0.009999999999999998
102,0.7539601922035217,1.0,0.24603980779647827,0.24603980779647827,9,9,0.009999999999999998
101,0.7547619938850403,1.0,0.24523800611495972,0.24523800611495972,9,9,0.009999999999999998
100,0.7547620534896851,1.0,0.24523794651031494,0.24523794651031494,9,9,0.009999999999999998
99,0.7318828105926514,1.0,0.26811718940734863,0.26811718940734863,8,8,0.009999999999999998
91,0.754209041595459,1.0,0.24579095840454102,0.24579095840454102,7,7,0.009999999999999998
114,0.7395756244659424,1.0,0.2604243755340576,0.2604243755340576,9,9,0.009999999999999998
110,0.7462037801742554,1.0,0.25379621982574463,0.25379621982574463,9,10,0.009999999999999998
129,0.7921527624130249,1.0,0.2078472375869751,0.2078472375869751,9,10,0.009999999999999998
15,0.9884927826270055,1.0,0.011507217372994538,0.011507217372994538,7,7,0.009999999999999998
457,0.8664137721061707,1.0,0.13358622789382935,0.13358622789382935,9,9,0.009999999999999998
2,0.9978574186383903,1.0,0.002142581361609719,0.002142581361609719,9,9,0.009999999999999998
130,0.7921527624130249,1.0,0.2078472375869751,0.2078472375869751,9,10,0.009999999999999998
131,0.7921527624130249,1.0,0.2078472375869751,0.2078472375869751,9,10,0.009999999999999998
407,0.8505450487136841,1.0,0.14945495128631592,0.14945495128631592,9,9,0.009999999999999998
11,0.9916558518157396,1.0,0.008344148184260436,0.008344148184260436,9,10,0.009999999999999998
125,0.8003736138343811,1.0,0.1996263861656189,0.1996263861656189,9,9,0.009999999999999998
422,0.8688504695892334,1.0,0.1311495304107666,0.1311495304107666,9,10,0.009999999999999998
14,0.9887602514575289,1.0,0.011239748542471117,0.011239748542471117,9,9,0.009999999999999998
458,0.8664137721061707,1.0,0.13358622789382935,0.13358622789382935,9,9,0.009999999999999998
418,0.8497535586357117,1.0,0.15024644136428833,0.15024644136428833,9,9,0.009999999999999998
421,0.8688504695892334,1.0,0.1311495304107666,0.1311495304107666,9,10,0.009999999999999998
420,0.8688504695892334,1.0,0.1311495304107666,0.1311495304107666,9,10,0.009999999999999998
419,0.8494465947151184,1.0,0.1505534052848816,0.1505534052848816,8,8,0.009999999999999998
406,0.8505450487136841,1.0,0.14945495128631592,0.14945495128631592,9,9,0.009999999999999998
386,0.8518037796020508,0.9499999999999998,0.09819622039794906,0.09819622039794906,9,10,0.009999999999999998
439,0.8674460053443909,0.9499999999999998,0.08255399465560898,0.08255399465560898,9,10,0.009999999999999998
385,0.8518698811531067,0.9499999999999998,0.09813011884689316,0.09813011884689316,9,9,0.009999999999999998
438,0.8674460053443909,0.9499999999999998,0.08255399465560898,0.08255399465560898,9,10,0.009999999999999998
437,0.8674460053443909,0.9499999999999998,0.08255399465560898,0.08255399465560898,9,10,0.009999999999999998
390,0.8518037796020508,0.9499999999999998,0.09819622039794906,0.09819622039794906,9,10,0.009999999999999998
387,0.8518037796020508,0.9499999999999998,0.09819622039794906,0.09819622039794906,9,10,0.009999999999999998
87,0.7633671760559082,0.9499999999999998,0.18663282394409164,0.18663282394409164,7,7,0.009999999999999998
389,0.8518037796020508,0.9499999999999998,0.09819622039794906,0.09819622039794906,9,10,0.009999999999999998
391,0.8518037796020508,0.9499999999999998,0.09819622039794906,0.09819622039794906,9,10,0.009999999999999998
436,0.8674460053443909,0.9499999999999998,0.08255399465560898,0.08255399465560898,9,10,0.009999999999999998
384,0.8518698811531067,0.9499999999999998,0.09813011884689316,0.09813011884689316,9,9,0.009999999999999998
86,0.7633671760559082,0.9499999999999998,0.18663282394409164,0.18663282394409164,7,7,0.009999999999999998
388,0.8518037796020508,0.9499999999999998,0.09819622039794906,0.09819622039794906,9,10,0.009999999999999998
51,0.8122536540031433,0.9499999999999998,0.13774634599685653,0.13774634599685653,7,7,0.009999999999999998
283,0.8264016509056091,0.9499999999999998,0.12359834909439071,0.12359834909439071,8,8,0.009999999999999998
435,0.8674460053443909,0.9499999999999998,0.08255399465560898,0.08255399465560898,9,10,0.009999999999999998
50,0.8122536540031433,0.9499999999999998,0.13774634599685653,0.13774634599685653,7,7,0.009999999999999998
370,0.8406623601913452,0.9499999999999998,0.10933763980865463,0.10933763980865463,9,9,0.009999999999999998
75,0.7657322883605957,0.9499999999999998,0.18426771163940414,0.18426771163940414,8,9,0.009999999999999998
76,0.7657322883605957,0.9499999999999998,0.18426771163940414,0.18426771163940414,8,9,0.009999999999999998
77,0.7657322883605957,0.9499999999999998,0.18426771163940414,0.18426771163940414,8,9,0.009999999999999998
66,0.7716814279556274,0.9499999999999998,0.1783185720443724,0.1783185720443724,8,8,0.009999999999999998
316,0.8162016272544861,0.9499999999999998,0.13379837274551376,0.13379837274551376,9,9,0.009999999999999998
65,0.7716814279556274,0.9499999999999998,0.1783185720443724,0.1783185720443724,8,8,0.009999999999999998
62,0.7733292579650879,0.9499999999999998,0.17667074203491195,0.17667074203491195,8,8,0.009999999999999998
414,0.8499860167503357,0.9499999999999998,0.10001398324966415,0.10001398324966415,9,10,0.009999999999999998
301,0.8253974914550781,0.9499999999999998,0.12460250854492172,0.12460250854492172,9,9,0.009999999999999998
413,0.8499860167503357,0.9499999999999998,0.10001398324966415,0.10001398324966415,9,10,0.009999999999999998
381,0.8523568511009216,0.9499999999999998,0.09764314889907821,0.09764314889907821,9,9,0.009999999999999998
61,0.7733292579650879,0.9499999999999998,0.17667074203491195,0.17667074203491195,8,8,0.009999999999999998
423,0.8685902953147888,0.9499999999999998,0.08140970468521103,0.08140970468521103,9,10,0.009999999999999998
369,0.8406623601913452,0.9499999999999998,0.10933763980865463,0.10933763980865463,9,9,0.009999999999999998
284,0.8264016509056091,0.9499999999999998,0.12359834909439071,0.12359834909439071,8,8,0.009999999999999998
315,0.8162016272544861,0.9499999999999998,0.13379837274551376,0.13379837274551376,9,9,0.009999999999999998
93,0.7408987283706665,0.9499999999999998,0.20910127162933334,0.20910127162933334,7,7,0.009999999999999998
216,0.8196355700492859,0.9499999999999998,0.13036442995071396,0.13036442995071396,9,9,0.009999999999999998
194,0.8114600777626038,0.9499999999999998,0.13853992223739608,0.13853992223739608,9,9,0.009999999999999998
395,0.8514485359191895,0.9499999999999998,0.09855146408081039,0.09855146408081039,9,10,0.009999999999999998
396,0.8514485359191895,0.9499999999999998,0.09855146408081039,0.09855146408081039,9,10,0.009999999999999998
397,0.8514485359191895,0.9499999999999998,0.09855146408081039,0.09855146408081039,9,10,0.009999999999999998
184,0.8134176731109619,0.9499999999999998,0.13658232688903793,0.13658232688903793,9,9,0.009999999999999998
181,0.813646137714386,0.9499999999999998,0.13635386228561386,0.13635386228561386,9,9,0.009999999999999998
180,0.813646137714386,0.9499999999999998,0.13635386228561386,0.13635386228561386,9,9,0.009999999999999998
440,0.8674460053443909,0.9499999999999998,0.08255399465560898,0.08255399465560898,9,10,0.009999999999999998
24,0.985913264637795,0.9499999999999998,-0.035913264637795206,0.035913264637795206,9,9,0.009999999999999998
398,0.8513692617416382,0.9499999999999998,0.09863073825836166,0.09863073825836166,9,10,0.009999999999999998
399,0.8513692617416382,0.9499999999999998,0.09863073825836166,0.09863073825836166,9,10,0.009999999999999998
411,0.8500343561172485,0.9499999999999998,0.09996564388275131,0.09996564388275131,9,9,0.009999999999999998
117,0.7362598776817322,0.9499999999999998,0.21374012231826767,0.21374012231826767,8,8,0.009999999999999998
118,0.7361127734184265,0.9499999999999998,0.21388722658157333,0.21388722658157333,8,8,0.009999999999999998
400,0.8513692617416382,0.9499999999999998,0.09863073825836166,0.09863073825836166,9,10,0.009999999999999998
119,0.7361127734184265,0.9499999999999998,0.21388722658157333,0.21388722658157333,8,8,0.009999999999999998
410,0.8500343561172485,0.9499999999999998,0.09996564388275131,0.09996564388275131,9,9,0.009999999999999998
403,0.8509816527366638,0.9499999999999998,0.09901834726333603,0.09901834726333603,9,9,0.009999999999999998
193,0.8114600777626038,0.9499999999999998,0.13853992223739608,0.13853992223739608,9,9,0.009999999999999998
179,0.8072574734687805,0.9499999999999998,0.14274252653121933,0.14274252653121933,9,9,0.009999999999999998
424,0.8685902953147888,0.9499999999999998,0.08140970468521103,0.08140970468521103,9,10,0.009999999999999998
96,0.7377510666847229,0.9499999999999998,0.21224893331527694,0.21224893331527694,7,7,0.009999999999999998
392,0.8515002727508545,0.9499999999999998,0.09849972724914535,0.09849972724914535,9,9,0.009999999999999998
208,0.8224064111709595,0.9499999999999998,0.12759358882904037,0.12759358882904037,9,9,0.009999999999999998
207,0.8224064111709595,0.9499999999999998,0.12759358882904037,0.12759358882904037,9,9,0.009999999999999998
92,0.7408987283706665,0.9499999999999998,0.20910127162933334,0.20910127162933334,7,7,0.009999999999999998
212,0.8203927874565125,0.9499999999999998,0.1296072125434874,0.1296072125434874,9,9,0.009999999999999998
213,0.8198680877685547,0.9499999999999998,0.13013191223144516,0.13013191223144516,9,9,0.009999999999999998
412,0.8499860167503357,0.9499999999999998,0.10001398324966415,0.10001398324966415,9,10,0.009999999999999998
425,0.868590235710144,0.9499999999999998,0.0814097642898558,0.0814097642898558,9,10,0.009999999999999998
97,0.7377510666847229,0.9499999999999998,0.21224893331527694,0.21224893331527694,7,7,0.009999999999999998
451,0.8665543794631958,0.9,0.03344562053680422,0.03344562053680422,9,10,0.009999999999999998
452,0.8665543794631958,0.9,0.03344562053680422,0.03344562053680422,9,10,0.009999999999999998
289,0.8262349963188171,0.9,0.07376500368118288,0.07376500368118288,9,9,0.009999999999999998
450,0.8665543794631958,0.9,0.03344562053680422,0.03344562053680422,9,10,0.009999999999999998
313,0.8179448843002319,0.9,0.08205511569976809,0.08205511569976809,8,8,0.009999999999999998
449,0.8665543794631958,0.9,0.03344562053680422,0.03344562053680422,9,10,0.009999999999999998
312,0.8179448843002319,0.9,0.08205511569976809,0.08205511569976809,8,8,0.009999999999999998
453,0.8665543794631958,0.9,0.03344562053680422,0.03344562053680422,9,10,0.009999999999999998
426,0.8676168322563171,0.9,0.032383167743682884,0.032383167743682884,8,9,0.009999999999999998
285,0.826370358467102,0.9,0.07362964153289797,0.07362964153289797,9,9,0.009999999999999998
8,0.9929770267778206,0.9,-0.0929770267778206,0.0929770267778206,9,9,0.009999999999999998
441,0.8671704530715942,0.9,0.032829546928405784,0.032829546928405784,9,10,0.009999999999999998
448,0.8665543794631958,0.9,0.03344562053680422,0.03344562053680422,9,10,0.009999999999999998
427,0.8676168322563171,0.9,0.032383167743682884,0.032383167743682884,8,9,0.009999999999999998
434,0.8675875663757324,0.9,0.0324124336242676,0.0324124336242676,9,10,0.009999999999999998
428,0.8676168322563171,0.9,0.032383167743682884,0.032383167743682884,8,9,0.009999999999999998
429,0.8675875663757324,0.9,0.0324124336242676,0.0324124336242676,9,10,0.009999999999999998
30,0.9822252708181302,0.9,-0.08222527081813014,0.08222527081813014,8,10,0.009999999999999998
28,0.9845590867848727,0.9,-0.08455908678487267,0.08455908678487267,7,7,0.009999999999999998
443,0.8671704530715942,0.9,0.032829546928405784,0.032829546928405784,9,10,0.009999999999999998
444,0.866795539855957,0.9,0.03320446014404299,0.03320446014404299,9,10,0.009999999999999998
433,0.8675875663757324,0.9,0.0324124336242676,0.0324124336242676,9,10,0.009999999999999998
41,0.9770753813284317,0.9,-0.07707538132843172,0.07707538132843172,8,10,0.009999999999999998
442,0.8671704530715942,0.9,0.032829546928405784,0.032829546928405784,9,10,0.009999999999999998
307,0.8253201842308044,0.9,0.07467981576919558,0.07467981576919558,8,8,0.009999999999999998
445,0.866795539855957,0.9,0.03320446014404299,0.03320446014404299,9,10,0.009999999999999998
432,0.8675875663757324,0.9,0.0324124336242676,0.0324124336242676,9,10,0.009999999999999998
22,0.9869238012298054,0.9,-0.08692380122980536,0.08692380122980536,8,10,0.009999999999999998
446,0.866795539855957,0.9,0.03320446014404299,0.03320446014404299,9,10,0.009999999999999998
431,0.8675875663757324,0.9,0.0324124336242676,0.0324124336242676,9,10,0.009999999999999998
20,0.9871996267520909,0.9,-0.08719962675209092,0.08719962675209092,8,8,0.009999999999999998
49,0.9717229593468413,0.9,-0.07172295934684125,0.07172295934684125,9,9,0.009999999999999998
430,0.8675875663757324,0.9,0.0324124336242676,0.0324124336242676,9,10,0.009999999999999998
244,0.8348337411880493,0.9,0.0651662588119507,0.0651662588119507,9,9,0.009999999999999998
280,0.826562225818634,0.9,0.07343777418136599,0.07343777418136599,8,8,0.009999999999999998
221,0.8362945318222046,0.9,0.06370546817779543,0.06370546817779543,9,9,0.009999999999999998
229,0.8303821086883545,0.9,0.06961789131164553,0.06961789131164553,9,9,0.009999999999999998
228,0.8303821086883545,0.9,0.06961789131164553,0.06961789131164553,9,9,0.009999999999999998
404,0.8506240844726562,0.9,0.04937591552734377,0.04937591552734377,9,9,0.009999999999999998
116,0.7363629341125488,0.9,0.1636370658874512,0.1636370658874512,7,7,0.009999999999999998
223,0.8327064514160156,0.9,0.0672935485839844,0.0672935485839844,9,9,0.009999999999999998
222,0.8327064514160156,0.9,0.0672935485839844,0.0672935485839844,9,9,0.009999999999999998
220,0.8362945318222046,0.9,0.06370546817779543,0.06370546817779543,9,9,0.009999999999999998
245,0.8348337411880493,0.9,0.0651662588119507,0.0651662588119507,9,9,0.009999999999999998
279,0.82689368724823,0.9,0.07310631275177004,0.07310631275177004,8,8,0.009999999999999998
190,0.8121364116668701,0.9,0.0878635883331299,0.0878635883331299,9,9,0.009999999999999998
401,0.8510317206382751,0.9,0.048968279361724876,0.048968279361724876,9,9,0.009999999999999998
408,0.850293755531311,0.9,0.04970624446868899,0.04970624446868899,9,9,0.009999999999999998
152,0.7835777401924133,0.9,0.11642225980758669,0.11642225980758669,9,9,0.009999999999999998
409,0.850293755531311,0.9,0.04970624446868899,0.04970624446868899,9,9,0.009999999999999998
405,0.8506240844726562,0.9,0.04937591552734377,0.04937591552734377,9,9,0.009999999999999998
402,0.8510317206382751,0.9,0.048968279361724876,0.048968279361724876,9,9,0.009999999999999998
262,0.8278932571411133,0.9,0.07210674285888674,0.07210674285888674,9,9,0.009999999999999998
252,0.8308141827583313,0.9,0.06918581724166872,0.06918581724166872,9,9,0.009999999999999998
278,0.82689368724823,0.9,0.07310631275177004,0.07310631275177004,8,8,0.009999999999999998
277,0.8272533416748047,0.9,0.07274665832519533,0.07274665832519533,8,8,0.009999999999999998
263,0.8278932571411133,0.9,0.07210674285888674,0.07210674285888674,9,9,0.009999999999999998
88,0.763295590877533,0.85,0.08670440912246702,0.08670440912246702,8,9,0.009999999999999998
63,0.772844672203064,0.85,0.07715532779693601,0.07715532779693601,7,7,0.009999999999999998
98,0.7332727313041687,0.85,0.11672726869583128,0.11672726869583128,7,7,0.009999999999999998
95,0.7398841381072998,0.85,0.11011586189270017,0.11011586189270017,7,7,0.009999999999999998
34,0.9795467324022505,0.85,-0.12954673240225056,0.12954673240225056,9,9,0.009999999999999998
56,0.8071600198745728,0.85,0.042839980125427224,0.042839980125427224,7,7,0.009999999999999998
90,0.763295590877533,0.85,0.08670440912246702,0.08670440912246702,8,9,0.009999999999999998
89,0.763295590877533,0.85,0.08670440912246702,0.08670440912246702,8,9,0.009999999999999998
73,0.7663655281066895,0.85,0.08363447189331052,0.08363447189331052,8,8,0.009999999999999998
258,0.8282667994499207,0.85,0.021733200550079323,0.021733200550079323,8,8,0.009999999999999998
74,0.7663655281066895,0.85,0.08363447189331052,0.08363447189331052,8,8,0.009999999999999998
297,0.8259050846099854,0.85,0.024094915390014626,0.024094915390014626,9,9,0.009999999999999998
123,0.8014064431190491,0.85,0.048593556880950906,0.048593556880950906,9,9,0.009999999999999998
237,0.8290132880210876,0.85,0.02098671197891233,0.02098671197891233,9,9,0.009999999999999998
122,0.8028261661529541,0.85,0.047173833847045876,0.047173833847045876,9,9,0.009999999999999998
185,0.8125865459442139,0.85,0.03741345405578611,0.03741345405578611,9,9,0.009999999999999998
126,0.7964760065078735,0.7999999999999999,0.0035239934921263982,0.0035239934921263982,9,9,0.009999999999999998
127,0.7957608103752136,0.7999999999999999,0.00423918962478631,0.00423918962478631,9,9,0.009999999999999998
120,0.8054103255271912,0.7999999999999999,-0.005410325527191229,0.005410325527191229,8,8,0.009999999999999998
141,0.7885401248931885,0.7999999999999999,0.011459875106811457,0.011459875106811457,9,9,0.009999999999999998
29,0.9825668342969576,0.75,-0.23256683429695757,0.23256683429695757,9,9,0.009999999999999998
239,0.8286639451980591,0.75,-0.07866394519805908,0.07866394519805908,9,9,0.009999999999999998
416,0.849984884262085,0.75,-0.09998488426208496,0.09998488426208496,9,9,0.009999999999999998
259,0.8282549977302551,0.75,-0.07825499773025513,0.07825499773025513,9,9,0.009999999999999998
257,0.8286639451980591,0.75,-0.07866394519805908,0.07866394519805908,9,9,0.009999999999999998
232,0.8300485610961914,0.75,-0.0800485610961914,0.0800485610961914,9,9,0.009999999999999998
415,0.8499850034713745,0.75,-0.09998500347137451,0.09998500347137451,9,9,0.009999999999999998
454,0.8664204478263855,0.7000000000000001,-0.16642044782638543,0.16642044782638543,9,10,0.009999999999999998
455,0.8664204478263855,0.7000000000000001,-0.16642044782638543,0.16642044782638543,9,10,0.009999999999999998
456,0.8664204478263855,0.7000000000000001,-0.16642044782638543,0.16642044782638543,9,10,0.009999999999999998
214,0.8197200298309326,0.7000000000000001,-0.11972002983093255,0.11972002983093255,9,9,0.009999999999999998
168,0.8101562857627869,0.7000000000000001,-0.1101562857627868,0.1101562857627868,9,9,0.009999999999999998
19,0.9873338865571436,0.7000000000000001,-0.28733388655714354,0.28733388655714354,8,10,0.009999999999999998
169,0.8101562857627869,0.7000000000000001,-0.1101562857627868,0.1101562857627868,9,9,0.009999999999999998
170,0.8091188669204712,0.7000000000000001,-0.10911886692047112,0.10911886692047112,9,9,0.009999999999999998
171,0.8091188669204712,0.7000000000000001,-0.10911886692047112,0.10911886692047112,9,9,0.009999999999999998
172,0.8089120984077454,0.7000000000000001,-0.1089120984077453,0.1089120984077453,9,9,0.009999999999999998
173,0.8089120984077454,0.7000000000000001,-0.1089120984077453,0.1089120984077453,9,9,0.009999999999999998
177,0.8083631992340088,0.7000000000000001,-0.10836319923400872,0.10836319923400872,9,9,0.009999999999999998
26,0.9856462449058201,0.7000000000000001,-0.28564624490582,0.28564624490582,9,9,0.009999999999999998
199,0.8104740977287292,0.7000000000000001,-0.11047409772872918,0.11047409772872918,9,9,0.009999999999999998
31,0.982050740442449,0.7000000000000001,-0.28205074044244893,0.28205074044244893,9,9,0.009999999999999998
215,0.8197200298309326,0.7000000000000001,-0.11972002983093255,0.11972002983093255,9,9,0.009999999999999998
309,0.8252946734428406,0.7000000000000001,-0.1252946734428405,0.1252946734428405,9,9,0.009999999999999998
308,0.8252946734428406,0.7000000000000001,-0.1252946734428405,0.1252946734428405,9,9,0.009999999999999998
238,0.8289320468902588,0.7000000000000001,-0.12893204689025872,0.12893204689025872,9,9,0.009999999999999998
176,0.8083631992340088,0.7000000000000001,-0.10836319923400872,0.10836319923400872,9,9,0.009999999999999998
230,0.8302599787712097,0.6500000000000001,-0.18025997877120958,0.18025997877120958,9,9,0.009999999999999998
251,0.8315083384513855,0.6500000000000001,-0.18150833845138536,0.18150833845138536,9,9,0.009999999999999998
68,0.769665002822876,0.6500000000000001,-0.11966500282287584,0.11966500282287584,8,8,0.009999999999999998
250,0.8315083384513855,0.6500000000000001,-0.18150833845138536,0.18150833845138536,9,9,0.009999999999999998
248,0.8326535224914551,0.6500000000000001,-0.18265352249145494,0.18265352249145494,9,9,0.009999999999999998
247,0.8327109217643738,0.6500000000000001,-0.18271092176437365,0.18271092176437365,9,9,0.009999999999999998
246,0.8327109217643738,0.6500000000000001,-0.18271092176437365,0.18271092176437365,9,9,0.009999999999999998
52,0.810258150100708,0.6500000000000001,-0.16025815010070787,0.16025815010070787,7,7,0.009999999999999998
67,0.769665002822876,0.6500000000000001,-0.11966500282287584,0.11966500282287584,8,8,0.009999999999999998
236,0.8291909694671631,0.6500000000000001,-0.17919096946716295,0.17919096946716295,9,9,0.009999999999999998
23,0.986200933493356,0.6500000000000001,-0.3362009334933559,0.3362009334933559,9,9,0.009999999999999998
235,0.8291909694671631,0.6500000000000001,-0.17919096946716295,0.17919096946716295,9,9,0.009999999999999998
234,0.8296436071395874,0.6500000000000001,-0.17964360713958727,0.17964360713958727,9,9,0.009999999999999998
233,0.8296436071395874,0.6500000000000001,-0.17964360713958727,0.17964360713958727,9,9,0.009999999999999998
231,0.8302599787712097,0.6500000000000001,-0.18025997877120958,0.18025997877120958,9,9,0.009999999999999998
225,0.8316770792007446,0.6500000000000001,-0.1816770792007445,0.1816770792007445,9,9,0.009999999999999998
224,0.8316770792007446,0.6500000000000001,-0.1816770792007445,0.1816770792007445,9,9,0.009999999999999998
191,0.8119409680366516,0.6500000000000001,-0.16194096803665148,0.16194096803665148,9,9,0.009999999999999998
192,0.8119409680366516,0.6500000000000001,-0.16194096803665148,0.16194096803665148,9,9,0.009999999999999998
281,0.8265531063079834,0.6500000000000001,-0.17655310630798327,0.17655310630798327,9,9,0.009999999999999998
256,0.8287167549133301,0.6500000000000001,-0.17871675491332994,0.17871675491332994,9,9,0.009999999999999998
4,0.9961834598184852,0.6500000000000001,-0.3461834598184851,0.3461834598184851,8,10,0.009999999999999998
291,0.8260835409164429,0.6500000000000001,-0.17608354091644274,0.17608354091644274,9,9,0.009999999999999998
290,0.8260835409164429,0.6500000000000001,-0.17608354091644274,0.17608354091644274,9,9,0.009999999999999998
7,0.99399567464553,0.6500000000000001,-0.3439956746455298,0.3439956746455298,9,9,0.009999999999999998
6,0.994891415102992,0.6500000000000001,-0.3448914151029918,0.3448914151029918,9,9,0.009999999999999998
255,0.8287167549133301,0.6500000000000001,-0.17871675491332994,0.17871675491332994,9,9,0.009999999999999998
282,0.8265531063079834,0.6500000000000001,-0.17655310630798327,0.17655310630798327,9,9,0.009999999999999998
286,0.8262620568275452,0.6500000000000001,-0.17626205682754503,0.17626205682754503,9,9,0.009999999999999998
287,0.8262620568275452,0.6500000000000001,-0.17626205682754503,0.17626205682754503,9,9,0.009999999999999998
5,0.9955810629318477,0.6,-0.3955810629318477,0.3955810629318477,9,10,0.009999999999999998
187,0.8123777508735657,0.6,-0.2123777508735657,0.2123777508735657,9,9,0.009999999999999998
186,0.8123777508735657,0.6,-0.2123777508735657,0.2123777508735657,9,9,0.009999999999999998
305,0.8253322243690491,0.6,-0.2253322243690491,0.2253322243690491,9,9,0.009999999999999998
17,0.9877571984255886,0.6,-0.38775719842558865,0.38775719842558865,9,9,0.009999999999999998
45,0.975261320904317,0.6,-0.3752613209043171,0.3752613209043171,8,10,0.009999999999999998
9,0.9919946020483889,0.6,-0.3919946020483889,0.3919946020483889,9,9,0.009999999999999998
10,0.9917851786284733,0.6,-0.3917851786284733,0.3917851786284733,9,9,0.009999999999999998
12,0.9900144077564541,0.6,-0.39001440775645413,0.39001440775645413,9,10,0.009999999999999998
39,0.9779390011465444,0.6,-0.37793900114654444,0.37793900114654444,8,10,0.009999999999999998
13,0.9896895659420168,0.6,-0.38968956594201687,0.38968956594201687,8,10,0.009999999999999998
306,0.8253322243690491,0.6,-0.2253322243690491,0.2253322243690491,9,9,0.009999999999999998
0,0.9981734861125179,0.6,-0.3981734861125179,0.3981734861125179,8,10,0.009999999999999998
195,0.8110179305076599,0.6,-0.21101793050765993,0.21101793050765993,9,9,0.009999999999999998
254,0.8306748867034912,0.6,-0.23067488670349123,0.23067488670349123,9,9,0.009999999999999998
196,0.8110179305076599,0.6,-0.21101793050765993,0.21101793050765993,9,9,0.009999999999999998
242,0.8367772102355957,0.6,-0.23677721023559573,0.23677721023559573,9,9,0.009999999999999998
243,0.8367772102355957,0.6,-0.23677721023559573,0.23677721023559573,9,9,0.009999999999999998
241,0.8378612399101257,0.6,-0.23786123991012575,0.23786123991012575,9,9,0.009999999999999998
253,0.8306748867034912,0.6,-0.23067488670349123,0.23067488670349123,9,9,0.009999999999999998
240,0.8378612399101257,0.6,-0.23786123991012575,0.23786123991012575,9,9,0.009999999999999998
267,0.8277851939201355,0.6,-0.22778519392013552,0.22778519392013552,9,9,0.009999999999999998
272,0.8277646899223328,0.6,-0.22776468992233279,0.22776468992233279,9,9,0.009999999999999998
271,0.8277646899223328,0.6,-0.22776468992233279,0.22776468992233279,9,9,0.009999999999999998
294,0.8260061740875244,0.6,-0.22600617408752444,0.22600617408752444,9,9,0.009999999999999998
268,0.8277851939201355,0.6,-0.22778519392013552,0.22778519392013552,9,9,0.009999999999999998
124,0.8011818528175354,0.5999999999999999,-0.20118185281753553,0.20118185281753553,9,9,0.009999999999999998
164,0.8117440938949585,0.5999999999999999,-0.21174409389495863,0.21174409389495863,6,5,0.009999999999999998
60,0.7787639498710632,0.55,-0.2287639498710632,0.2287639498710632,7,7,0.009999999999999998
59,0.7787639498710632,0.55,-0.2287639498710632,0.2287639498710632,7,7,0.009999999999999998
53,0.8096803426742554,0.55,-0.2596803426742553,0.2596803426742553,7,7,0.009999999999999998
38,0.9780837946328131,0.55,-0.4280837946328131,0.4280837946328131,8,10,0.009999999999999998
42,0.9766656993318088,0.55,-0.42666569933180876,0.42666569933180876,7,7,0.009999999999999998
36,0.9790738427847914,0.55,-0.4290738427847913,0.4290738427847913,9,9,0.009999999999999998
35,0.9791663397684247,0.55,-0.42916633976842467,0.42916633976842467,9,9,0.009999999999999998
32,0.9819345838592655,0.55,-0.4319345838592654,0.4319345838592654,9,9,0.009999999999999998
27,0.9851939282122273,0.55,-0.43519392821222724,0.43519392821222724,8,10,0.009999999999999998
33,0.9803311820265771,0.55,-0.43033118202657705,0.43033118202657705,8,8,0.009999999999999998
54,0.8096802234649658,0.55,-0.2596802234649658,0.2596802234649658,7,7,0.009999999999999998
132,0.7921043038368225,0.55,-0.24210430383682247,0.24210430383682247,9,9,0.009999999999999998
115,0.7373476624488831,0.55,-0.187347662448883,0.187347662448883,4,3,0.009999999999999998
70,0.769214928150177,0.55,-0.21921492815017696,0.21921492815017696,8,8,0.009999999999999998
159,0.7828731536865234,0.55,-0.2328731536865234,0.2328731536865234,9,9,0.009999999999999998
71,0.767368733882904,0.55,-0.217368733882904,0.217368733882904,8,8,0.009999999999999998
72,0.767368733882904,0.55,-0.217368733882904,0.217368733882904,8,8,0.009999999999999998
143,0.7878340482711792,0.55,-0.23783404827117915,0.23783404827117915,5,4,0.009999999999999998
142,0.788478434085846,0.55,-0.2384784340858459,0.2384784340858459,9,9,0.009999999999999998
137,0.7891392707824707,0.55,-0.23913927078247066,0.23913927078247066,5,4,0.009999999999999998
133,0.7909502387046814,0.55,-0.24095023870468135,0.24095023870468135,9,9,0.009999999999999998
128,0.7922524809837341,0.55,-0.2422524809837341,0.2422524809837341,9,9,0.009999999999999998
69,0.7692149877548218,0.55,-0.21921498775482173,0.21921498775482173,8,8,0.009999999999999998
145,0.7859001159667969,0.5,-0.2859001159667969,0.2859001159667969,8,8,0.009999999999999998
144,0.7866512537002563,0.5,-0.28665125370025635,0.28665125370025635,9,9,0.009999999999999998
121,0.8050622940063477,0.5,-0.30506229400634766,0.30506229400634766,4,3,0.009999999999999998
55,0.807469367980957,0.5,-0.30746936798095703,0.30746936798095703,3,2,0.009999999999999998
78,0.7652353644371033,0.5,-0.26523536443710327,0.26523536443710327,3,2,0.009999999999999998
265,0.827820897102356,0.24999999999999994,-0.577820897102356,0.577820897102356,9,9,0.009999999999999998
3,0.99643055858925,0.24999999999999994,-0.7464305585892501,0.7464305585892501,9,9,0.009999999999999998
288,0.8262543678283691,0.24999999999999994,-0.5762543678283691,0.5762543678283691,9,9,0.009999999999999998
18,0.9876139250407256,0.24999999999999994,-0.7376139250407256,0.7376139250407256,8,8,0.009999999999999998
266,0.827820897102356,0.24999999999999994,-0.577820897102356,0.577820897102356,9,9,0.009999999999999998
16,0.9880620621433542,0.24999999999999994,-0.7380620621433542,0.7380620621433542,8,10,0.009999999999999998
249,0.8324486017227173,0.19999999999999998,-0.6324486017227173,0.6324486017227173,9,9,0.009999999999999998
37,0.9787662447582449,0.19999999999999998,-0.778766244758245,0.778766244758245,9,9,0.009999999999999998
40,0.9778867214533391,0.19999999999999998,-0.7778867214533391,0.7778867214533391,8,8,0.009999999999999998
1,0.9979493858399672,0.19999999999999998,-0.7979493858399672,0.7979493858399672,8,10,0.009999999999999998
57,0.8021395802497864,0.14999999999999997,-0.6521395802497865,0.6521395802497865,7,7,0.009999999999999998
48,0.9723320616915253,0.14999999999999997,-0.8223320616915253,0.8223320616915253,9,9,0.009999999999999998
21,0.9871741002034029,0.14999999999999997,-0.837174100203403,0.837174100203403,8,10,0.009999999999999998
47,0.9727007500587322,0.14999999999999997,-0.8227007500587322,0.8227007500587322,9,8,0.009999999999999998
82,0.7648835778236389,0.14999999999999997,-0.614883577823639,0.614883577823639,8,8,0.009999999999999998
43,0.9765049007798073,0.14999999999999997,-0.8265049007798073,0.8265049007798073,8,8,0.009999999999999998
83,0.7648835778236389,0.14999999999999997,-0.614883577823639,0.614883577823639,8,8,0.009999999999999998
64,0.7718373537063599,0.14999999999999997,-0.62183735370636,0.62183735370636,7,7,0.009999999999999998
167,0.8104096055030823,0.050000000000000024,-0.7604096055030822,0.7604096055030822,4,3,0.009999999999999998
94,0.740687370300293,0.0,-0.740687370300293,0.740687370300293,3,2,0.009999999999999998
58,0.7954165935516357,0.0,-0.7954165935516357,0.7954165935516357,3,2,0.009999999999999998
