graph_id,graph_nodes,graph_edges,num_nodes,num_edges,average_score,problem_scores,total_evaluation_time,num_problems_evaluated
0,"[[0, ""START""], [1, ""Split""], [2, ""Explain""], [3, ""Python_solver""], [4, ""Combine_all""], [5, ""Explain""], [6, ""END""], [7, ""Python_solver""]]","[[0, 1], [1, 2], [1, 7], [2, 3], [3, 4], [4, 5], [5, 6], [7, 4]]",8,8,0.286530303030303,"[0.02333333333333333, 1.0, 0.2333333333333333, 0.06363636363636363, 0.049999999999999996, 0.35, 0.09999999999999999, 1.0, 0.009999999999999998, 0.034999999999999996]",8.564149498939514,10
1,"[[0, ""START""], [1, ""Decompose_4""], [2, ""Solver""], [3, ""Combine_all""], [4, ""END""], [5, ""Explain""], [6, ""Extract_topic""], [7, ""Explain""]]","[[0, 1], [1, 2], [1, 5], [1, 6], [1, 7], [2, 3], [3, 4], [5, 3], [6, 3], [7, 3]]",8,10,0.6789801864801864,"[0.3181818181818182, 0.35, 1.0, 0.6363636363636364, 0.5249999999999999, 1.0, 1.0, 0.5833333333333334, 0.37692307692307686, 1.0]",2.759719181060791,10
2,"[[0, ""START""], [1, ""Decompose_4""], [2, ""Explain""], [3, ""Combine_all""], [4, ""END""], [5, ""Python_solver""], [6, ""Extract_topic""], [7, ""Explain""]]","[[0, 1], [1, 2], [1, 5], [1, 6], [1, 7], [2, 3], [3, 4], [5, 3], [6, 3], [7, 3]]",8,10,0.9126194294641239,"[1.0, 1.0, 1.0, 1.0, 1.0, 1.0, 1.0, 1.0, 1.0, 0.1261942946412396]",2.9327271699905397,10
3,"[[0, ""START""], [1, ""Decompose_2""], [2, ""Solver""], [3, ""Combine_all""], [4, ""Python_solver""], [5, ""END""], [6, ""Explain""], [7, ""Solver""]]","[[0, 1], [1, 2], [1, 6], [2, 3], [3, 4], [4, 5], [6, 7], [7, 3]]",8,8,0.8281944444444445,"[1.0, 1.0, 1.0, 1.0, 1.0, 1.0, 0.0875, 1.0, 1.0, 0.19444444444444445]",12.335098838806152,10
4,"[[0, ""START""], [1, ""Decompose_2""], [2, ""Extract_topic""], [3, ""Explain""], [4, ""Combine_all""], [5, ""Explain""], [6, ""END""], [7, ""Python_solver""]]","[[0, 1], [1, 2], [1, 7], [2, 3], [3, 4], [4, 5], [5, 6], [7, 4]]",8,8,0.7364166666666667,"[1.0, 0.36666666666666664, 1.0, 1.0, 1.0, 0.35, 0.0875, 1.0, 1.0, 0.5599999999999999]",15.129577732086181,10
5,"[[0, ""START""], [1, ""Explain""], [2, ""Split""], [3, ""Python_solver""], [4, ""Combine_all""], [5, ""Explain""], [6, ""END""], [7, ""Python_solver""]]","[[0, 1], [1, 2], [2, 3], [2, 7], [3, 4], [4, 5], [5, 6], [7, 4]]",8,8,0.03970563636363635,"[0.00041999999999999996, 0.0, 0.2333333333333333, 0.06363636363636363, 0.049999999999999996, 0.0, 0.0, 0.004666666666666667, 0.009999999999999998, 0.034999999999999996]",3.8565277814865113,10
6,"[[0, ""START""], [1, ""Decompose_2""], [2, ""Extract_topic""], [3, ""Solver""], [4, ""Combine_all""], [5, ""Explain""], [6, ""END""], [7, ""Solver""]]","[[0, 1], [1, 2], [1, 7], [2, 3], [3, 4], [4, 5], [5, 6], [7, 4]]",8,8,0.7152499999999999,"[0.3733333333333333, 1.0, 1.0, 1.0, 0.4666666666666666, 1.0, 0.09999999999999999, 0.6, 0.6124999999999999, 1.0]",8.473077988624572,10
7,"[[0, ""START""], [1, ""Split""], [2, ""Extract_topic""], [3, ""Python_solver""], [4, ""Combine_all""], [5, ""Explain""], [6, ""END""], [7, ""Solver""]]","[[0, 1], [1, 2], [1, 7], [2, 3], [3, 4], [4, 5], [5, 6], [7, 4]]",8,8,0.6635276572668112,"[0.022776572668112796, 1.0, 1.0, 1.0, 1.0, 0.35, 0.0875, 1.0, 1.0, 0.175]",13.78254942893982,10
8,"[[0, ""START""], [1, ""Decompose_4""], [2, ""Solver""], [3, ""Combine_all""], [4, ""END""], [5, ""Solver""], [6, ""Extract_topic""], [7, ""Explain""]]","[[0, 1], [1, 2], [1, 5], [1, 6], [1, 7], [2, 3], [3, 4], [5, 3], [6, 3], [7, 3]]",8,10,0.4650099502487562,"[0.31343283582089554, 0.35, 1.0, 1.0, 0.4666666666666666, 1.0, 0.09999999999999999, 0.26249999999999996, 0.12249999999999998, 0.034999999999999996]",1.550943374633789,10
9,"[[0, ""START""], [1, ""Decompose_4""], [2, ""Explain""], [3, ""Combine_all""], [4, ""END""], [5, ""Extract_topic""], [6, ""Explain""], [7, ""Solver""]]","[[0, 1], [1, 2], [1, 5], [1, 6], [1, 7], [2, 3], [3, 4], [5, 3], [6, 3], [7, 3]]",8,10,0.0540925,"[0.0525, 0.003675, 0.0052499999999999995, 0.01925, 0.0245, 0.0034999999999999996, 0.01225, 0.26249999999999996, 0.12249999999999998, 0.034999999999999996]",0.18796231746673583,10
10,"[[0, ""START""], [1, ""Decompose_4""], [2, ""Explain""], [3, ""Combine_all""], [4, ""END""], [5, ""Python_solver""], [6, ""Extract_topic""], [7, ""Python_solver""]]","[[0, 1], [1, 2], [1, 5], [1, 6], [1, 7], [2, 3], [3, 4], [5, 3], [6, 3], [7, 3]]",8,10,0.0,"[0.0, 0.0, 0.0, 0.0, 0.0, 0.0, 0.0, 0.0, 0.0, 0.0]",0.1523584842681885,10
11,"[[0, ""START""], [1, ""Extract_topic""], [2, ""Split""], [3, ""Python_solver""], [4, ""Combine_all""], [5, ""Explain""], [6, ""END""], [7, ""Python_solver""]]","[[0, 1], [1, 2], [2, 3], [2, 7], [3, 4], [4, 5], [5, 6], [7, 4]]",8,8,0.0,"[0.0, 0.0, 0.0, 0.0, 0.0, 0.0, 0.0, 0.0, 0.0, 0.0]",0.2831676244735718,10
12,"[[0, ""START""], [1, ""Explain""], [2, ""Split""], [3, ""Python_solver""], [4, ""Combine_all""], [5, ""Python_solver""], [6, ""END""], [7, ""Solver""]]","[[0, 1], [1, 2], [2, 3], [2, 7], [3, 4], [4, 5], [5, 6], [7, 4]]",8,8,0.0540925,"[0.0525, 0.003675, 0.0052499999999999995, 0.01925, 0.0245, 0.0034999999999999996, 0.01225, 0.26249999999999996, 0.12249999999999998, 0.034999999999999996]",0.28699336051940916,10
13,"[[0, ""START""], [1, ""Decompose_2""], [2, ""Solver""], [3, ""Combine_all""], [4, ""Python_solver""], [5, ""END""], [6, ""Extract_topic""], [7, ""Explain""]]","[[0, 1], [1, 2], [1, 6], [2, 3], [3, 4], [4, 5], [6, 7], [7, 3]]",8,8,0.0540925,"[0.0525, 0.003675, 0.0052499999999999995, 0.01925, 0.0245, 0.0034999999999999996, 0.01225, 0.26249999999999996, 0.12249999999999998, 0.034999999999999996]",0.2865210771560669,10
14,"[[0, ""START""], [1, ""Split""], [2, ""Solver""], [3, ""Combine_all""], [4, ""Extract_topic""], [5, ""END""], [6, ""Extract_topic""], [7, ""Solver""]]","[[0, 1], [1, 2], [1, 6], [2, 3], [3, 4], [4, 5], [6, 7], [7, 3]]",8,8,0.0540925,"[0.0525, 0.003675, 0.0052499999999999995, 0.01925, 0.0245, 0.0034999999999999996, 0.01225, 0.26249999999999996, 0.12249999999999998, 0.034999999999999996]",0.2782757043838501,10
15,"[[0, ""START""], [1, ""Decompose_4""], [2, ""Extract_topic""], [3, ""Combine_all""], [4, ""END""], [5, ""Solver""], [6, ""Explain""], [7, ""Extract_topic""]]","[[0, 1], [1, 2], [1, 5], [1, 6], [1, 7], [2, 3], [3, 4], [5, 3], [6, 3], [7, 3]]",8,10,0.0540925,"[0.0525, 0.003675, 0.0052499999999999995, 0.01925, 0.0245, 0.0034999999999999996, 0.01225, 0.26249999999999996, 0.12249999999999998, 0.034999999999999996]",0.15231714248657227,10
16,"[[0, ""START""], [1, ""Decompose_4""], [2, ""Solver""], [3, ""Combine_all""], [4, ""END""], [5, ""Explain""], [6, ""Python_solver""], [7, ""Solver""]]","[[0, 1], [1, 2], [1, 5], [1, 6], [1, 7], [2, 3], [3, 4], [5, 3], [6, 3], [7, 3]]",8,10,0.0540925,"[0.0525, 0.003675, 0.0052499999999999995, 0.01925, 0.0245, 0.0034999999999999996, 0.01225, 0.26249999999999996, 0.12249999999999998, 0.034999999999999996]",0.14794812202453614,10
17,"[[0, ""START""], [1, ""Decompose_2""], [2, ""Solver""], [3, ""Combine_all""], [4, ""Explain""], [5, ""END""], [6, ""Explain""], [7, ""Python_solver""]]","[[0, 1], [1, 2], [1, 6], [2, 3], [3, 4], [4, 5], [6, 7], [7, 3]]",8,8,0.0540925,"[0.0525, 0.003675, 0.0052499999999999995, 0.01925, 0.0245, 0.0034999999999999996, 0.01225, 0.26249999999999996, 0.12249999999999998, 0.034999999999999996]",0.2826316595077515,10
18,"[[0, ""START""], [1, ""Explain""], [2, ""Extract_topic""], [3, ""Split""], [4, ""Solver""], [5, ""Combine_all""], [6, ""END""], [7, ""Python_solver""]]","[[0, 1], [1, 2], [2, 3], [3, 4], [3, 7], [4, 5], [5, 6], [7, 5]]",8,8,0.0540925,"[0.0525, 0.003675, 0.0052499999999999995, 0.01925, 0.0245, 0.0034999999999999996, 0.01225, 0.26249999999999996, 0.12249999999999998, 0.034999999999999996]",0.2806805372238159,10
19,"[[0, ""START""], [1, ""Extract_topic""], [2, ""Split""], [3, ""Solver""], [4, ""Combine_all""], [5, ""Solver""], [6, ""END""], [7, ""Python_solver""]]","[[0, 1], [1, 2], [2, 3], [2, 7], [3, 4], [4, 5], [5, 6], [7, 4]]",8,8,0.0540925,"[0.0525, 0.003675, 0.0052499999999999995, 0.01925, 0.0245, 0.0034999999999999996, 0.01225, 0.26249999999999996, 0.12249999999999998, 0.034999999999999996]",0.3025991201400757,10
20,"[[0, ""START""], [1, ""Decompose_2""], [2, ""Python_solver""], [3, ""Combine_all""], [4, ""Extract_topic""], [5, ""END""], [6, ""Python_solver""]]","[[0, 1], [1, 2], [1, 6], [2, 3], [3, 4], [4, 5], [6, 3]]",7,7,0.0,"[0.0, 0.0, 0.0, 0.0, 0.0, 0.0, 0.0, 0.0, 0.0, 0.0]",0.21283419132232667,10
21,"[[0, ""START""], [1, ""Extract_topic""], [2, ""Explain""], [3, ""Split""], [4, ""Explain""], [5, ""Combine_all""], [6, ""END""], [7, ""Extract_topic""]]","[[0, 1], [1, 2], [2, 3], [3, 4], [3, 7], [4, 5], [5, 6], [7, 5]]",8,8,0.0,"[0.0, 0.0, 0.0, 0.0, 0.0, 0.0, 0.0, 0.0, 0.0, 0.0]",0.2952362060546875,10
22,"[[0, ""START""], [1, ""Decompose_3""], [2, ""Python_solver""], [3, ""Combine_all""], [4, ""END""], [5, ""Python_solver""], [6, ""Solver""]]","[[0, 1], [1, 2], [1, 5], [1, 6], [2, 3], [3, 4], [5, 3], [6, 3]]",7,8,0.0540925,"[0.0525, 0.003675, 0.0052499999999999995, 0.01925, 0.0245, 0.0034999999999999996, 0.01225, 0.26249999999999996, 0.12249999999999998, 0.034999999999999996]",0.15671780109405517,10
23,"[[0, ""START""], [1, ""Explain""], [2, ""Split""], [3, ""Solver""], [4, ""Combine_all""], [5, ""Python_solver""], [6, ""END""], [7, ""Solver""]]","[[0, 1], [1, 2], [2, 3], [2, 7], [3, 4], [4, 5], [5, 6], [7, 4]]",8,8,0.0540925,"[0.0525, 0.003675, 0.0052499999999999995, 0.01925, 0.0245, 0.0034999999999999996, 0.01225, 0.26249999999999996, 0.12249999999999998, 0.034999999999999996]",0.3329498529434204,10
24,"[[0, ""START""], [1, ""Decompose_4""], [2, ""Python_solver""], [3, ""Combine_all""], [4, ""END""], [5, ""Python_solver""], [6, ""Python_solver""], [7, ""Extract_topic""]]","[[0, 1], [1, 2], [1, 5], [1, 6], [1, 7], [2, 3], [3, 4], [5, 3], [6, 3], [7, 3]]",8,10,0.0,"[0.0, 0.0, 0.0, 0.0, 0.0, 0.0, 0.0, 0.0, 0.0, 0.0]",0.15307118892669677,10
25,"[[0, ""START""], [1, ""Decompose_4""], [2, ""Explain""], [3, ""Combine_all""], [4, ""END""], [5, ""Explain""], [6, ""Python_solver""], [7, ""Python_solver""]]","[[0, 1], [1, 2], [1, 5], [1, 6], [1, 7], [2, 3], [3, 4], [5, 3], [6, 3], [7, 3]]",8,10,0.0,"[0.0, 0.0, 0.0, 0.0, 0.0, 0.0, 0.0, 0.0, 0.0, 0.0]",0.14094278812408448,10
26,"[[0, ""START""], [1, ""Extract_topic""], [2, ""Explain""], [3, ""Extract_topic""], [4, ""Explain""], [5, ""Extract_topic""], [6, ""Solver""], [7, ""END""]]","[[0, 1], [1, 2], [2, 3], [3, 4], [4, 5], [5, 6], [6, 7]]",8,7,0.0540925,"[0.0525, 0.003675, 0.0052499999999999995, 0.01925, 0.0245, 0.0034999999999999996, 0.01225, 0.26249999999999996, 0.12249999999999998, 0.034999999999999996]",0.44196171760559083,10
27,"[[0, ""START""], [1, ""Extract_topic""], [2, ""Explain""], [3, ""Split""], [4, ""Solver""], [5, ""Combine_all""], [6, ""END""], [7, ""Explain""]]","[[0, 1], [1, 2], [2, 3], [3, 4], [3, 7], [4, 5], [5, 6], [7, 5]]",8,8,0.0540925,"[0.0525, 0.003675, 0.0052499999999999995, 0.01925, 0.0245, 0.0034999999999999996, 0.01225, 0.26249999999999996, 0.12249999999999998, 0.034999999999999996]",0.2710515737533569,10
28,"[[0, ""START""], [1, ""Decompose_4""], [2, ""Extract_topic""], [3, ""Combine_all""], [4, ""END""], [5, ""Solver""], [6, ""Extract_topic""], [7, ""Extract_topic""]]","[[0, 1], [1, 2], [1, 5], [1, 6], [1, 7], [2, 3], [3, 4], [5, 3], [6, 3], [7, 3]]",8,10,0.0540925,"[0.0525, 0.003675, 0.0052499999999999995, 0.01925, 0.0245, 0.0034999999999999996, 0.01225, 0.26249999999999996, 0.12249999999999998, 0.034999999999999996]",0.4269955396652222,10
29,"[[0, ""START""], [1, ""Decompose_2""], [2, ""Solver""], [3, ""Combine_all""], [4, ""Solver""], [5, ""END""], [6, ""Extract_topic""], [7, ""Python_solver""]]","[[0, 1], [1, 2], [1, 6], [2, 3], [3, 4], [4, 5], [6, 7], [7, 3]]",8,8,0.0540925,"[0.0525, 0.003675, 0.0052499999999999995, 0.01925, 0.0245, 0.0034999999999999996, 0.01225, 0.26249999999999996, 0.12249999999999998, 0.034999999999999996]",0.5197813987731934,10
30,"[[0, ""START""], [1, ""Decompose_4""], [2, ""Solver""], [3, ""Combine_all""], [4, ""END""], [5, ""Explain""], [6, ""Python_solver""], [7, ""Python_solver""]]","[[0, 1], [1, 2], [1, 5], [1, 6], [1, 7], [2, 3], [3, 4], [5, 3], [6, 3], [7, 3]]",8,10,0.0540925,"[0.0525, 0.003675, 0.0052499999999999995, 0.01925, 0.0245, 0.0034999999999999996, 0.01225, 0.26249999999999996, 0.12249999999999998, 0.034999999999999996]",0.21667580604553222,10
31,"[[0, ""START""], [1, ""Decompose_4""], [2, ""Solver""], [3, ""Combine_all""], [4, ""END""], [5, ""Explain""], [6, ""Explain""], [7, ""Extract_topic""]]","[[0, 1], [1, 2], [1, 5], [1, 6], [1, 7], [2, 3], [3, 4], [5, 3], [6, 3], [7, 3]]",8,10,0.0540925,"[0.0525, 0.003675, 0.0052499999999999995, 0.01925, 0.0245, 0.0034999999999999996, 0.01225, 0.26249999999999996, 0.12249999999999998, 0.034999999999999996]",0.2142127275466919,10
32,"[[0, ""START""], [1, ""Decompose_2""], [2, ""Solver""], [3, ""Combine_all""], [4, ""Extract_topic""], [5, ""END""], [6, ""Extract_topic""], [7, ""Solver""]]","[[0, 1], [1, 2], [1, 6], [2, 3], [3, 4], [4, 5], [6, 7], [7, 3]]",8,8,0.0540925,"[0.0525, 0.003675, 0.0052499999999999995, 0.01925, 0.0245, 0.0034999999999999996, 0.01225, 0.26249999999999996, 0.12249999999999998, 0.034999999999999996]",0.3631943464279175,10
33,"[[0, ""START""], [1, ""Decompose_4""], [2, ""Explain""], [3, ""Combine_all""], [4, ""END""], [5, ""Python_solver""], [6, ""Explain""], [7, ""Extract_topic""]]","[[0, 1], [1, 2], [1, 5], [1, 6], [1, 7], [2, 3], [3, 4], [5, 3], [6, 3], [7, 3]]",8,10,0.0,"[0.0, 0.0, 0.0, 0.0, 0.0, 0.0, 0.0, 0.0, 0.0, 0.0]",0.18893635272979736,10
34,"[[0, ""START""], [1, ""Decompose_4""], [2, ""Extract_topic""], [3, ""Combine_all""], [4, ""END""], [5, ""Solver""], [6, ""Python_solver""], [7, ""Python_solver""]]","[[0, 1], [1, 2], [1, 5], [1, 6], [1, 7], [2, 3], [3, 4], [5, 3], [6, 3], [7, 3]]",8,10,0.0540925,"[0.0525, 0.003675, 0.0052499999999999995, 0.01925, 0.0245, 0.0034999999999999996, 0.01225, 0.26249999999999996, 0.12249999999999998, 0.034999999999999996]",0.17405164241790771,10
35,"[[0, ""START""], [1, ""Explain""], [2, ""Python_solver""], [3, ""END""]]","[[0, 1], [1, 2], [2, 3]]",4,3,0.0,"[0.0, 0.0, 0.0, 0.0, 0.0, 0.0, 0.0, 0.0, 0.0, 0.0]",0.15879976749420166,10
36,"[[0, ""START""], [1, ""Decompose_4""], [2, ""Python_solver""], [3, ""Combine_all""], [4, ""END""], [5, ""Solver""], [6, ""Solver""], [7, ""Solver""]]","[[0, 1], [1, 2], [1, 5], [1, 6], [1, 7], [2, 3], [3, 4], [5, 3], [6, 3], [7, 3]]",8,10,0.0540925,"[0.0525, 0.003675, 0.0052499999999999995, 0.01925, 0.0245, 0.0034999999999999996, 0.01225, 0.26249999999999996, 0.12249999999999998, 0.034999999999999996]",0.18585631847381592,10
37,"[[0, ""START""], [1, ""Decompose_4""], [2, ""Python_solver""], [3, ""Combine_all""], [4, ""END""], [5, ""Extract_topic""], [6, ""Explain""], [7, ""Extract_topic""]]","[[0, 1], [1, 2], [1, 5], [1, 6], [1, 7], [2, 3], [3, 4], [5, 3], [6, 3], [7, 3]]",8,10,0.0,"[0.0, 0.0, 0.0, 0.0, 0.0, 0.0, 0.0, 0.0, 0.0, 0.0]",0.1732771635055542,10
38,"[[0, ""START""], [1, ""Decompose_4""], [2, ""Solver""], [3, ""Combine_all""], [4, ""END""], [5, ""Python_solver""], [6, ""Extract_topic""], [7, ""Python_solver""]]","[[0, 1], [1, 2], [1, 5], [1, 6], [1, 7], [2, 3], [3, 4], [5, 3], [6, 3], [7, 3]]",8,10,0.0540925,"[0.0525, 0.003675, 0.0052499999999999995, 0.01925, 0.0245, 0.0034999999999999996, 0.01225, 0.26249999999999996, 0.12249999999999998, 0.034999999999999996]",0.18573925495147706,10
39,"[[0, ""START""], [1, ""Decompose_2""], [2, ""Python_solver""], [3, ""Combine_all""], [4, ""Python_solver""], [5, ""END""], [6, ""Extract_topic""], [7, ""Explain""]]","[[0, 1], [1, 2], [1, 6], [2, 3], [3, 4], [4, 5], [6, 7], [7, 3]]",8,8,0.0,"[0.0, 0.0, 0.0, 0.0, 0.0, 0.0, 0.0, 0.0, 0.0, 0.0]",0.3517876386642456,10
40,"[[0, ""START""], [1, ""Decompose_2""], [2, ""Explain""], [3, ""Extract_topic""], [4, ""Combine_all""], [5, ""Python_solver""], [6, ""END""], [7, ""Solver""]]","[[0, 1], [1, 2], [1, 7], [2, 3], [3, 4], [4, 5], [5, 6], [7, 4]]",8,8,0.0540925,"[0.0525, 0.003675, 0.0052499999999999995, 0.01925, 0.0245, 0.0034999999999999996, 0.01225, 0.26249999999999996, 0.12249999999999998, 0.034999999999999996]",0.3621774196624756,10
41,"[[0, ""START""], [1, ""Decompose_4""], [2, ""Explain""], [3, ""Combine_all""], [4, ""END""], [5, ""Extract_topic""], [6, ""Solver""], [7, ""Explain""]]","[[0, 1], [1, 2], [1, 5], [1, 6], [1, 7], [2, 3], [3, 4], [5, 3], [6, 3], [7, 3]]",8,10,0.0540925,"[0.0525, 0.003675, 0.0052499999999999995, 0.01925, 0.0245, 0.0034999999999999996, 0.01225, 0.26249999999999996, 0.12249999999999998, 0.034999999999999996]",0.19353623390197755,10
42,"[[0, ""START""], [1, ""Decompose_2""], [2, ""Extract_topic""], [3, ""Python_solver""], [4, ""Combine_all""], [5, ""Solver""], [6, ""END""], [7, ""Python_solver""]]","[[0, 1], [1, 2], [1, 7], [2, 3], [3, 4], [4, 5], [5, 6], [7, 4]]",8,8,0.0540925,"[0.0525, 0.003675, 0.0052499999999999995, 0.01925, 0.0245, 0.0034999999999999996, 0.01225, 0.26249999999999996, 0.12249999999999998, 0.034999999999999996]",0.35818455219268797,10
43,"[[0, ""START""], [1, ""Extract_topic""], [2, ""Split""], [3, ""Python_solver""], [4, ""Combine_all""], [5, ""Extract_topic""], [6, ""END""], [7, ""Solver""]]","[[0, 1], [1, 2], [2, 3], [2, 7], [3, 4], [4, 5], [5, 6], [7, 4]]",8,8,0.0540925,"[0.0525, 0.003675, 0.0052499999999999995, 0.01925, 0.0245, 0.0034999999999999996, 0.01225, 0.26249999999999996, 0.12249999999999998, 0.034999999999999996]",0.3318459987640381,10
44,"[[0, ""START""], [1, ""Extract_topic""], [2, ""Explain""], [3, ""Split""], [4, ""Python_solver""], [5, ""Combine_all""], [6, ""END""], [7, ""Extract_topic""]]","[[0, 1], [1, 2], [2, 3], [3, 4], [3, 7], [4, 5], [5, 6], [7, 5]]",8,8,0.0,"[0.0, 0.0, 0.0, 0.0, 0.0, 0.0, 0.0, 0.0, 0.0, 0.0]",0.3640819787979126,10
45,"[[0, ""START""], [1, ""Extract_topic""], [2, ""Explain""], [3, ""Solver""], [4, ""END""]]","[[0, 1], [1, 2], [2, 3], [3, 4]]",5,4,0.0540925,"[0.0525, 0.003675, 0.0052499999999999995, 0.01925, 0.0245, 0.0034999999999999996, 0.01225, 0.26249999999999996, 0.12249999999999998, 0.034999999999999996]",0.25399949550628664,10
46,"[[0, ""START""], [1, ""Decompose_4""], [2, ""Python_solver""], [3, ""Combine_all""], [4, ""END""], [5, ""Solver""], [6, ""Explain""], [7, ""Python_solver""]]","[[0, 1], [1, 2], [1, 5], [1, 6], [1, 7], [2, 3], [3, 4], [5, 3], [6, 3], [7, 3]]",8,10,0.0540925,"[0.0525, 0.003675, 0.0052499999999999995, 0.01925, 0.0245, 0.0034999999999999996, 0.01225, 0.26249999999999996, 0.12249999999999998, 0.034999999999999996]",0.19279730319976807,10
47,"[[0, ""START""], [1, ""Split""], [2, ""Solver""], [3, ""Combine_all""], [4, ""Extract_topic""], [5, ""END""], [6, ""Extract_topic""], [7, ""Python_solver""]]","[[0, 1], [1, 2], [1, 6], [2, 3], [3, 4], [4, 5], [6, 7], [7, 3]]",8,8,0.0540925,"[0.0525, 0.003675, 0.0052499999999999995, 0.01925, 0.0245, 0.0034999999999999996, 0.01225, 0.26249999999999996, 0.12249999999999998, 0.034999999999999996]",0.33807284832000734,10
48,"[[0, ""START""], [1, ""Python_solver""], [2, ""Validator""], [3, ""True_pass""], [4, ""Combine_any""], [5, ""END""], [6, ""False_pass""], [7, ""Python_solver""]]","[[0, 1], [1, 2], [2, 3], [2, 6], [3, 4], [4, 5], [6, 7], [7, 4]]",8,8,0.0,"[0.0, 0.0, 0.0, 0.0, 0.0, 0.0, 0.0, 0.0, 0.0, 0.0]",0.2511425018310547,10
49,"[[0, ""START""], [1, ""Decompose_2""], [2, ""Python_solver""], [3, ""Combine_all""], [4, ""Solver""], [5, ""END""], [6, ""Explain""], [7, ""Extract_topic""]]","[[0, 1], [1, 2], [1, 6], [2, 3], [3, 4], [4, 5], [6, 7], [7, 3]]",8,8,0.0540925,"[0.0525, 0.003675, 0.0052499999999999995, 0.01925, 0.0245, 0.0034999999999999996, 0.01225, 0.26249999999999996, 0.12249999999999998, 0.034999999999999996]",0.33752150535583497,10
